Keyword;Order;Title;Body;Face;Face Closeup;Gesturing;AI Gen;Title In ;Text In;Composite;Low Quality
Architecture of Denmark;14;What Makes Danish Architecture Unique? - Unmapping Scandinavia;1;1;0;0;1;1;1;1;0
Architecture of Denmark;2;The Architect's Guide to Copenhagen – Sofie Lund Michaelsen ;1;0;0;0;0;0;0;0;0
Architecture of Denmark;3;Copenhagen - The world's greenest capital city | DW Documentary;1;1;0;0;0;0;1;0;0
Architecture of Denmark;29;Danish Modern Architecture Tour;0;0;0;0;0;0;1;0;0
Architecture of Denmark;28;The Future Danish Parliament [ Architecture ];1;0;0;0;0;0;0;0;0
Architecture of Denmark;6;Wonders of Denmark | Best Places to Visit in Denmark | Travel Documentary 4K;0;0;0;0;1;0;1;0;0
Architecture of Denmark;11;4K Copenhagen Architecture Biennial 2025: Slow Down;1;0;0;0;0;0;1;1;0
Architecture of Denmark;34;Exploring Copenhagen's Danish Architecture Centre: A Walk Through History and Design;0;0;0;0;0;0;0;0;0
Architecture of Denmark;21;Crash course on Denmark: People, Historical Landmarks and Architecture@anhubmetaverse2457;1;1;0;0;0;0;0;0;1
Architecture of Denmark;5;Danish Summerhouse: Architecture in Harmony with Nature | ARCHITECTURE HUNTER;1;0;0;0;0;0;1;0;0
Architecture of Denmark;32;Dr Walter Pelka on Danish architecture and sustainability;1;1;0;0;0;0;0;0;0
Architecture of Denmark;27;Denmark's Pavilion at Venice Architecture Biennale 2025 | A Conversation with Curator S?ren Pihlmann;1;1;0;0;0;0;1;0;0
Architecture of Denmark;33;How Does Danish Architecture Influence Other Countries? - Unmapping Scandinavia;1;1;0;0;1;1;1;1;0
Architecture of Denmark;12;Wonders of DENMARK | This is what it's like to LIVE in Denmark | The HAPPIEST PLACES in the world 4K;0;0;0;0;0;1;1;0;0
Architecture of Denmark;10;Copenhagen UNESCO Capital of Architecture;0;1;1;0;0;0;1;0;1
Architecture of Denmark;7;What Is Danish Design? Exploring The Ingenuity Of Design In Denmark | America By Design;1;1;1;0;0;0;1;1;0
Architecture of Denmark;25;Copenhagen is for you... | UNESCO-UIA World Capital of Architecture 2023;0;0;0;0;0;0;1;0;0
Architecture of Denmark;18;Best Architecture COPENHAGEN Denmark;0;0;0;0;0;1;1;1;0
Architecture of Denmark;26;COPENHAGEN, DENMARK 4K – Unveiling Historic Canals, Modern Architecture & Bicycle Culture;1;0;0;0;0;0;1;0;0
Architecture of Denmark;39;Design and Architecture Copenhagen, Denmark 2021;0;0;0;0;0;1;1;0;0
Architecture of Denmark;37;All about Blox and the Danish Architecture Centre (DAC), Copenhagen;0;0;0;0;0;0;1;0;0
Architecture of Denmark;13;Inside a Danish Architect's Mid-Century House | Timeless Nordic Design on a London Terrace;1;1;0;0;0;0;1;0;0
Architecture of Denmark;36;Denmark | Aarhus - Arts and Architecture;0;0;0;0;0;0;0;0;0
Architecture of Denmark;40;Inside Danish Architecture: Kanonhuset by Entasis;0;0;0;0;0;0;1;0;0
Architecture of Denmark;19;Inside Danish Architecture: Kannikeg?rden by Lundgaard & Tranberg Architects;0;0;0;0;0;1;1;0;0
Architecture of Denmark;15;Inside a Nordic Barnhouse in Denmark's Scenic Landscape;0;0;0;0;0;0;1;0;0
Architecture of Denmark;20;Denmark: A Journey Through Time, Design, and Sustainability ;0;0;0;0;1;0;1;0;0
Architecture of Denmark;4;Copenhagen Architectur Spanning Centuries;0;0;0;0;0;0;1;0;0
Architecture of Denmark;35;Host conferences, meetings and events in Danish Architecture Center;0;0;0;0;0;0;1;0;0
Architecture of Denmark;23;Architecture History: Paint and Color in Denmark;0;0;0;0;0;0;1;0;0
Architecture of Denmark;17;The Panorama of CPH House: Architectural Tour House In Denmark | ARCHITECTURE HUNTER;0;0;0;0;0;1;1;0;0
Architecture of Denmark;8;TOP 5 CRAZY APARTMENT BUILDINGS IN COPENHAGEN: Explore the architecture of BIG Builds, MVRDV & more ;1;1;0;1;0;0;1;1;0
Architecture of Denmark;9;Why I moved OUT of Denmark - 3 things they don't tell you! ;1;1;1;1;0;1;1;0;0
Architecture of Denmark;24;Copenhagen Architecture Tour with Aashna | The Circle Bridge, Tietgen Kollegium, 8 House and more!;1;1;0;1;0;1;1;0;0
Architecture of Denmark;31;Where Can You See Examples Of Danish Architecture? - Unmapping Scandinavia;1;1;0;0;1;1;1;0;0
Architecture of Denmark;38;Inside A Sustainable Power Plant With A Ski Slope On Its Roof | Unique Spaces | Architectural Digest;0;0;0;0;0;0;0;0;0
Architecture of Denmark;30;How Does Climate Affect Danish Architecture? - Unmapping Scandinavia;1;1;0;0;1;1;1;1;0
Architecture of Denmark;1;Questioning World Architecture: Denmark;0;0;0;0;0;1;1;0;0
Architecture of Denmark;22;What Is The History Of Danish Architecture? - Unmapping Scandinavia;1;1;0;0;1;1;1;1;0
Architecture of Denmark;16;In Loco With SPOL Architects: House in Denmark (interview) | ARCHITECTURE HUNTER;0;0;0;0;0;1;1;0;0
AlcatrazHistory;14;Alcatraz Island History: From Fortress to Federal Prison;0;0;0;0;0;0;1;0;0
AlcatrazHistory;2;The Alcatraz Escape: Boldest Prison Break in U.S. History | History's Greatest Mysteries (S5);0;1;1;0;0;0;0;1;0
AlcatrazHistory;3;HISTORY OF | History of Alcatraz;0;0;0;0;0;0;0;0;0
AlcatrazHistory;29;Escape from Alcatraz | America's Toughest Prison #history;0;1;1;0;1;0;1;1;0
AlcatrazHistory;28;History of Alcatraz - The Prison No One Escaped?;0;0;0;0;0;0;1;0;0
AlcatrazHistory;6;Inside Alcatraz The Future Mega Prison of America;1;1;0;1;0;0;1;0;0
AlcatrazHistory;11;Alcatraz Prison Inmates: Life Behind Bars;1;1;0;1;1;0;1;0;0
AlcatrazHistory;34;Alcatraz Federal Penitentiary Prison life and the cells B Block;0;0;0;0;0;0;0;0;1
AlcatrazHistory;21;The History of Alcatraz Prison;1;0;1;0;0;0;0;0;1
AlcatrazHistory;5;The Untold Story Of Alcatraz - California;0;0;0;0;0;1;1;1;0
AlcatrazHistory;32;Alcatraz Federal Penitentiary History Escape attempts Escape from Alcatraz;0;0;0;0;0;0;0;0;1
AlcatrazHistory;27;History for Fools Podcast - EP 69 - The History of Alcatraz Island Federal Penitentiary;1;1;0;0;0;0;1;1;0
AlcatrazHistory;33;Alcatraz Federal Penitentiary Administration;0;0;0;0;0;0;0;0;1
AlcatrazHistory;12;How Alcatraz Has Changed Throughout History;0;0;0;0;0;0;0;0;0
AlcatrazHistory;10;Why Alcatraz HAD to be Closed?;0;0;0;0;0;0;1;1;0
AlcatrazHistory;7;Alcatraz Escape Mystery FINALLY Solved in 2025! Investigation Update!;0;1;0;0;0;0;1;1;0
AlcatrazHistory;25;Alcatraz Federal Penitentiary History Early history;0;0;0;0;0;0;0;0;1
AlcatrazHistory;18;Alcatraz: America’s Most Infamous Prison;0;0;0;0;0;1;1;1;0
AlcatrazHistory;26;Alcatraz Prison's OPENING Day! | Today in History (1934);0;1;0;0;0;0;1;1;0
AlcatrazHistory;39;Alcatraz Federal Penitentiary Prison life and the cells Corridors;0;0;0;0;0;0;0;0;1
AlcatrazHistory;37;Explore Legendary Alcatraz: History & Mystery of America's Notorious Prison & 'The Rock' Movie Set;0;0;0;0;0;0;1;0;0
AlcatrazHistory;13;Alcatraz - A Brief History;0;0;0;0;0;0;0;0;1
AlcatrazHistory;36;The Mystery of ALCATRAZ: History’s Greatest PRISON;0;0;0;0;0;0;1;1;0
AlcatrazHistory;40;Alcatraz Federal Penitentiary Prison life and the cells Dining ;0;0;0;0;0;0;0;0;1
AlcatrazHistory;19;Alcatraz Prison History: Watch our Alcatraz biography with fun facts & famous inmates;1;1;0;0;0;0;1;1;0
AlcatrazHistory;15;The History Of Alcatraz Island | Past Pass;0;0;0;0;0;0;1;1;0
AlcatrazHistory;20;Escaping Alcatraz: The Full History - Prison Breaks From America's Toughest Federal Prison;1;1;1;0;0;0;1;1;0
AlcatrazHistory;4;Drain Alcatraz: The World's Most Notorious Prison (Full Episode) | Drain the Oceans SPECIAL;0;0;0;0;1;0;1;0;0
AlcatrazHistory;35;Alcatraz Federal Penitentiary History Escape attempts Battle of Alcatraz;0;0;0;0;0;0;0;0;1
AlcatrazHistory;23;Alcatraz Federal Penitentiary History Final years;0;0;0;0;0;0;0;0;1
AlcatrazHistory;17;Alcatraz Federal Penitentiary One of toughest Prison | Alcatraz Prison | @The.World.Revolution;0;0;0;0;0;0;1;1;0
AlcatrazHistory;8;The World's Highest Security Prison: CECOT (The most evil are kept here);1;1;0;1;0;0;0;1;0
AlcatrazHistory;9;Alcatraz Island Complete Guide - Taking the Boat & Touring the Infamous Jail;0;0;0;0;0;1;1;0;0
AlcatrazHistory;24;Alcatraz Federal Penitentiary: Escapes Myths and Reality;0;0;0;0;1;1;1;0;0
AlcatrazHistory;31;Why Did Alcatraz Close Down As A Federal Penitentiary? - Jail & Prison Insider;1;1;0;0;1;1;1;1;0
AlcatrazHistory;38;Alcatraz Opens as a Federal Prison - August 11th, 1934 (On This Day in History);0;1;1;0;1;0;1;0;0
AlcatrazHistory;30;Alcatraz Island: Secrets of America’s Most Infamous Prison | History, Escapes, & Hidden Stories;0;0;0;0;1;0;1;1;0
AlcatrazHistory;1;What It Was Like To Be An Inmate At Alcatraz;1;1;1;0;0;0;1;1;0
AlcatrazHistory;22;Alcatraz Federal Penitentiary – The Rock’s Dark Secrets, Escape Attempts & Infamous Inmates;0;0;0;0;0;0;1;0;0
AlcatrazHistory;16;How Alcatraz Military Fort became America's Worst Prison ;0;0;0;0;0;0;1;1;0
BarkBeetle;14;Borkenkäfer - Tank Review - World of Tanks;0;0;0;0;0;1;1;1;0
BarkBeetle;2;The Spruce Bark Beetle;0;0;0;0;0;0;0;0;1
BarkBeetle;3;European spruce bark beetle | The PATA Group;1;1;0;1;0;0;1;0;0
BarkBeetle;29;Processing a Beetle-Killed Spruce Tree;1;1;0;1;0;0;0;0;0
BarkBeetle;28;Bark Beetles;0;0;0;0;0;0;0;0;0
BarkBeetle;6;Bark Beetle;0;0;0;0;0;0;0;0;0
BarkBeetle;11;Spruce Bark Beetles - Preventive Tree Care;0;0;0;0;0;1;1;0;0
BarkBeetle;34;Bark Beetle in Utah - The County Seat Episode 22 Seg1;1;1;0;0;0;0;0;0;0
BarkBeetle;21;Push-and-pull applications against the European spruce bark beetle in the eastern Italian Alps;0;0;0;0;0;1;1;1;0
BarkBeetle;5;Calls to suspend Scottish log imports over spruce bark beetle concerns;0;0;0;0;0;1;1;0;0
BarkBeetle;32;Researchers are studying a link between climate change and spruce beetle outbreaks;1;1;0;1;0;0;0;0;0
BarkBeetle;27;Spruce Bark Beetle Fire Hazards;0;0;0;0;0;0;0;0;0
BarkBeetle;33;Bark beetle Ips typographus is Widely Spread in Ukraine, #Entomologist Ukraine #entomology #insects;0;0;0;0;0;0;1;0;0
BarkBeetle;12;Spruce Bark Beetle damage on PEI. #tree #sprucebarkbeetle #peitreegeek #whitespruce;1;0;0;1;0;0;0;0;0
BarkBeetle;10;Wikipedia Picture of the Day: 2024-11-10 - European spruce bark beetle (Narrated by Emma);0;0;0;0;0;1;1;1;0
BarkBeetle;7;2025 Barkbeetle update from the north of Sweden;1;0;0;1;0;0;0;0;0
BarkBeetle;25;Bark Beetles Devastating Old Red Spruce;0;0;0;0;0;0;0;0;0
BarkBeetle;18;Ips typographus: beat the beetle;0;0;0;0;0;1;1;0;0
BarkBeetle;26;Anchorage Parks and Recreation continue spruce bark beetle mitigation efforts;0;0;0;0;0;0;0;0;0
BarkBeetle;39;Converting Beetle-Killed Trees Into Renewable Energy;0;0;0;0;0;0;0;0;0
BarkBeetle;37;The impact of the cold on bark beetles;0;0;0;0;0;0;1;0;0
BarkBeetle;13;Spruce bark beetle in Kluane National Park and Reserve;0;0;0;0;0;0;1;0;0
BarkBeetle;36;Spruce Beetles: What They Are and What To Do About Them;1;1;0;0;0;1;1;1;0
BarkBeetle;40;ALASKA BARK BEETLE.mov;1;1;0;0;0;0;1;0;1
BarkBeetle;19;New research focuses on smells to keep spruce bark beetles away;1;0;0;1;0;0;0;0;1
BarkBeetle;15;A Beetle!;0;1;1;0;0;0;0;0;1
BarkBeetle;20;Spruce bark beetle problem - how to fight it;0;0;0;0;0;0;0;0;0
BarkBeetle;4;This is what Alaskan Spruce Bark Beetle look like- tiny killers.;0;0;0;0;0;0;0;0;0
BarkBeetle;35;Long Hot Summers Fueling Bark Beetle Infestation ;1;0;0;1;0;0;0;0;0
BarkBeetle;23;Bark beetle research - Prof. Dr. Peter Biedermann;1;1;0;1;0;0;1;0;1
BarkBeetle;17;"Detectability of European Spruce Bark Beetle Green Attack in Multispectral Drone Images; RESDiNET";0;0;0;0;0;1;1;1;0
BarkBeetle;8;How to diagnose Douglas fir Bark Beetle;0;0;0;0;0;0;0;0;0
BarkBeetle;9;Spruce Beetles: What They Are and What To Do About Them;1;1;0;0;0;1;1;1;0
BarkBeetle;24;Need help finding the Spruce Bark Beetle in your forest?We have a solution you have not tried before;0;1;1;0;0;0;0;0;0
BarkBeetle;31;EECO 586, Boreal Forest and the Spruce Bark Beetle;0;0;0;0;0;0;0;0;0
BarkBeetle;38;Bark Beetles Part 1 Intro;0;0;0;0;0;0;1;1;0
BarkBeetle;30;Lessons from the Big Reed Old-growth Forest - I. Spruce bark beetle damage to old-growth red spruce;1;1;0;1;0;0;0;0;0
BarkBeetle;1;European Bark Beetle Apocalypse Explained;0;1;1;1;0;0;1;1;0
BarkBeetle;22;Spruce Beetle Outbreak Grows in Alaska;1;0;0;1;0;0;1;0;0
BarkBeetle;16;Bark beetles devastating European forest;0;0;0;0;0;1;1;0;0
BurgerKing;14;The TRAGIC Truth About The History Of Burger King;1;1;0;0;0;0;1;1;0
BurgerKing;2;The History of Burger King | Burger Wars Explained;0;0;0;0;0;0;1;1;0
BurgerKing;3;Homeless with $11: The Tragic Story of Burger King;0;1;1;0;0;0;1;1;0
BurgerKing;29;The History of Burger King - From ICONIC To 400+ Closed Restaurants In 2023;0;0;0;0;0;0;1;1;0
BurgerKing;28;Ronald McDonald vs The Burger King - Flash In the Pan Hip Hop Conflicts of Nowadays - ERB 2;0;1;1;0;0;0;0;0;0
BurgerKing;6;The History of Burger King.;1;0;0;0;0;0;1;0;0
BurgerKing;11;How KFC Was Made from a Gas Station Chicken Recipe;1;1;1;1;0;0;1;1;0
BurgerKing;34;The History Of The ‘Burger War’ Between McDonalds & Burger King;0;0;0;0;0;0;1;1;0
BurgerKing;21;The Biggest Flops In Burger King History;0;0;0;0;0;0;0;0;0
BurgerKing;5;The Flame-Broiled History of the Whopper;0;0;0;0;0;0;1;0;0
BurgerKing;32;How Burger King Lost to Wendy’s;1;1;0;1;0;0;1;1;0
BurgerKing;27;Burger King Unwrapped: The History You Weren't Told!;0;0;1;0;0;0;1;1;0
BurgerKing;33;The History of Burger King Television-Home Video Logos (1966 ;0;0;0;0;0;0;1;0;0
BurgerKing;12;The Downfall of The Burger King Kingdom;1;1;0;1;0;0;1;1;0
BurgerKing;10;The Homeless Man Who Created Domino's with His Last $15 ;1;1;0;1;0;0;1;1;0
BurgerKing;7;Burger King historical logos;0;0;0;0;0;0;1;0;0
BurgerKing;25;evolution of burger king (1953-2023) #whopper #burgerking #logohistory;1;1;1;0;0;0;0;0;1
BurgerKing;18;I Visit The Last Original Burger King Left On Earth To Discuss The History Of BK!;1;1;0;1;0;0;1;0;0
BurgerKing;26;The Strange History of Burger King Mascots;0;1;1;0;0;0;0;0;0
BurgerKing;39;Burger King Logo/Commercial History;0;0;0;0;0;0;1;0;1
BurgerKing;37;Burger Wars History: McDonalds vs Burger King #burgerwars #mcdonaldsvsburgerking;0;0;0;0;0;0;1;1;0
BurgerKing;13;The Obscure Lore Of Burger King;1;1;0;0;0;0;1;1;0
BurgerKing;36;Burger King Logo/Commercial History (#167) ;0;0;0;0;0;0;1;0;0
BurgerKing;40;The Complete History of Burger King: From Insta-Burger King to Global Fast-Food Giant;0;0;0;0;0;0;1;1;0
BurgerKing;19;The History of Burger King Foot Lettuce (ft. Chills);0;0;0;0;0;0;1;0;0
BurgerKing;15;Burger King History;1;1;0;1;0;0;0;0;1
BurgerKing;20;Food Theory: Burger King is the WORST Burger in America! ;1;0;0;0;0;0;1;1;0
BurgerKing;4;The Untold TRUTH of Burger King;1;1;0;1;0;0;1;1;0
BurgerKing;35;Burger King vs. Mcdonald's - Patty Rivalry;1;1;0;1;0;0;1;1;0
BurgerKing;23;Ronald McDonald vs The Burger King. Epic Rap Battles of History ;1;1;0;0;0;0;0;1;0
BurgerKing;17;The Flame-Broiled Fall of Burger King;0;0;0;0;0;0;1;1;0
BurgerKing;8;It's Not Just You. Nobody Likes Burger King Anymore.;1;1;0;1;0;0;1;0;0
BurgerKing;9;I Ate 100 Years Of McDonald's;0;1;1;0;0;0;1;1;0
BurgerKing;24;The Rise and Fall of the Dollar Menu;0;0;0;0;0;0;1;1;0
BurgerKing;31;The Complete History of Chef Kush: From Burger King to Michelin Stars and Super Yachts!;1;1;0;0;0;0;1;1;0
BurgerKing;38;The Wild & Insane History of Burger King ;0;0;0;0;0;0;1;1;0
BurgerKing;30;Can Burger King Make A Comeback?;0;0;0;0;0;0;1;0;0
BurgerKing;1;How Burger King Started | The Story Of Burger King;0;0;0;0;0;1;1;1;0
BurgerKing;22;Burger King vs. McDonald's;0;0;0;0;0;0;1;1;0
BurgerKing;16;How Burger King Went From a Whopper Burger To Multibillion-Dollar Franchise;1;1;0;0;0;0;1;1;0
ValleyKings;14;What Would Your Life (And Death) Be Like In Ancient Egypt? | In The Valley Of The Kings | Odyssey;0;1;1;0;0;0;1;1;0
ValleyKings;2;Valley of the Kings: Discovering the Treasures of the Pharaohs | Egypt Travel Guide;0;0;0;0;0;1;1;0;0
ValleyKings;3;Ancient Egypt Life and Death in the Valley of the Kings 1 of 2 ;1;0;0;1;0;0;0;0;0
ValleyKings;29;Tutankhamun: The Greatest Archaeological Discovery of All Time;1;1;0;1;0;0;1;1;0
ValleyKings;28;Secrets of the Pharaohs | Lost Treasures of Egypt | MEGA EPISODE | National Geographic;1;1;0;0;0;0;1;0;0
ValleyKings;6;The Ordinary Life Of Ancient Egyptians | Life And Death In The Valley Of The Kings | All Out History;1;1;0;1;0;0;1;1;0
ValleyKings;11;A Day In The Life Of A Normal Person In Ancient Egypt | Life And Death In The Valley Of The Kings;1;1;1;0;0;0;1;1;0
ValleyKings;34;TRUE Ghost Stories - Egypt’s Valley Of The Kings;1;0;0;0;1;0;1;0;0
ValleyKings;21;Ancient Egyptian Music - Valley of the Kings;1;1;0;1;0;0;0;0;0
ValleyKings;5;How The Valley Of The Kings Was Built;1;1;0;0;0;0;1;1;0
ValleyKings;32;Tutankhamun's Treasures (Full Episode) | Lost Treasures of Egypt;0;0;0;0;0;0;1;0;0
ValleyKings;27;Ancient Egypt 10: Valley of the Kings - Luxor, Egypt;1;1;0;1;0;0;0;0;0
ValleyKings;33;Epic Symphonic Ancient Egyptian Music - Valley of the Kings (W?d? Al-Mul?k);1;0;0;0;1;0;1;0;0
ValleyKings;12;Amenhotep III: Was This Man Egypt's Greatest Pharaoh? | Immortal Egypt | Timeline;0;1;0;0;0;0;1;1;0
ValleyKings;10;The Lost City That Predates the Pyramids by 10,000 Years;1;1;0;0;1;0;1;0;0
ValleyKings;7;What If the Great Pyramid Was Built Long Before the Egyptians? | History for Sleep;1;0;0;0;1;0;1;0;0
ValleyKings;25;Inside The Tombs Of Egyptian Pharaohs - All You Need To Know About Valley Of The Kings, Egypt ????;0;1;1;0;0;0;1;1;0
ValleyKings;18;Luxor, the Valleys of the Kings, Queens, and Nobles;1;1;0;0;0;0;0;0;0
ValleyKings;26;The Greatest Pharaohs — Ancient Egypt Documentary by The History Channel;0;1;1;0;0;0;0;0;1
ValleyKings;39;The Valley of Kings of Ancient Egypt;1;1;0;0;1;0;1;0;0
ValleyKings;37;Ancient Aliens: The Great Egyptian Pharaohs and Gods;0;1;1;0;0;0;1;0;0
ValleyKings;13;Ancient Egypt's Royal Secrets Revealed | Lost Treasures of Egypt | MEGA EPISODE | Nat Geo;1;1;0;0;0;0;1;0;0
ValleyKings;36;Top 10 Treasures Of Egypt | History Documentary | Channel 5 #AncientHistory;0;1;1;0;0;1;1;1;0
ValleyKings;40;Explaining Advanced Ancient Egyptian Technologies | Ancient Aliens | Marathon;0;1;1;0;0;0;1;1;0
ValleyKings;19;Ancient Egypt: Life & Death in the Valley of the Kings: Life;1;1;0;1;0;1;1;0;0
ValleyKings;15;Valley of the Kings | Ancient Egypt | History Made Easy;1;1;0;1;1;0;1;0;0
ValleyKings;20;The New Kingdom: The Golden Age Of Ancient Egypt | Immortal Egypt | Real History ;1;1;0;1;0;0;1;1;0
ValleyKings;4;The History Of Egypt's Valley Of The Kings Explained;0;1;1;0;0;0;0;0;0
ValleyKings;35;Unveiling the Secrets of the Valley of the Kings: Ancient Egypt's Most Fascinating Tombs;1;1;0;0;1;0;0;0;0
ValleyKings;23;THE VALLEY OF THE KINGS - INSIDE THE 19TH DYNASTY PHARAOHS TOMBS! LUXOR EGYPT;1;1;0;1;0;0;0;1;0
ValleyKings;17;Tomb of Pharaoh Tutankhamun (Full Episode) | Lost Treasures of Egypt | National Geographic;0;0;0;0;0;0;1;0;0
ValleyKings;8;Giza Pyramids Built Before the Younger Dryas | Evidence That Changes History;1;0;0;0;1;0;1;0;0
ValleyKings;9;Legends of the Pharaohs | Episode 3: Amenhotep III, The Great Builder | FD Ancient History;1;1;1;0;0;0;1;1;0
ValleyKings;24;What Was Everyday Life Like In Ancient Egypt? | In The Valley Of The Kings | Real History;1;1;0;1;0;0;1;0;0
ValleyKings;31;The Deadly Curse of the Valley of the Kings – Ancient Egypt’s Darkest Secret ;1;1;0;0;1;0;1;0;0
ValleyKings;38;The Entire History Of Ancient Egyptian Civilization With Joann Fletcher;0;1;1;0;0;0;1;1;0
ValleyKings;30;Dan Snow's Tutankhamun: A Century of Discovery | Best History Documentaries;0;1;1;0;0;0;1;1;0
ValleyKings;1;Valley of the Kings, Egypt Explained;0;0;0;0;0;0;1;0;0
ValleyKings;22;Valley Of The Kings The Lost Tombs;1;1;0;1;0;0;0;0;0
ValleyKings;16;Egypt Opens One of Valley of the Kings' Largest Tombs to Public | World Of Africa;1;1;0;0;0;0;1;1;0
Aspirin History;14;The Invention of Aspirin | STUFF YOU MISSED IN HISTORY CLASS;0;1;0;0;1;0;1;0;0
Aspirin History;2;The Origin of Aspirin: From Willow Bark to the Pharmacy Shelf;0;0;0;0;0;0;1;1;0
Aspirin History;3;Aspirin : The World's Most Interesting Drug;0;1;0;0;0;0;1;1;0
Aspirin History;29;History of Aspirin | THE MIRACLE DRUG???;0;0;0;0;0;1;1;1;0
Aspirin History;28;Reevaluating a Daily Low-Dose Of Aspirin: Is it Right for You? | Oz Health;1;1;0;1;0;0;1;1;0
Aspirin History;6;Aspirin history;1;1;0;0;0;0;1;1;0
Aspirin History;11;The Truth About Aspirin: Who Really Deserves the Credit? ;1;0;0;0;0;0;1;1;0
Aspirin History;34;Aspirin Felix Hoffmann's Revolutionary #science #einsteingenius #scientist;1;1;0;1;0;0;1;0;0
Aspirin History;21;History of Aspirin!;1;0;0;0;0;0;1;0;0
Aspirin History;5;The Science and History of Aspirin;1;1;0;1;1;0;1;1;0
Aspirin History;32;The History of Aspirin (Capstone: 1134);1;0;0;0;0;0;0;0;0
Aspirin History;27;Aspirin | History and Development;0;0;0;0;0;0;1;0;0
Aspirin History;33;LGC Mikromol Pharmaceutical Roots podcast: The Origins of Aspirin;0;0;0;0;0;0;1;0;0
Aspirin History;12;A SHORT HISTORY OF ASPIRIN: THE MIRICLE DRUG;0;1;1;0;0;1;1;1;0
Aspirin History;10;The History of Aspirin: Did you know?;0;0;0;0;0;0;1;0;0
Aspirin History;7;Aspirin (Acetylsalicylic Acid);0;1;0;0;0;0;1;1;0
Aspirin History;25;The Fascinating History of Aspirin;0;0;0;0;1;0;1;0;0
Aspirin History;18;Aspirin: The History, Chemistry, and Benefits of This Miracle Drug;0;0;0;0;1;0;1;0;0
Aspirin History;26;Aspirin discovery in depth;0;1;0;0;0;0;1;1;0
Aspirin History;39;Shocking And Unknown History Of Aspirin Drug || Corona Medicine || Planet Leaf;1;1;0;1;0;0;1;1;0
Aspirin History;37;History of aspirin Top # 11 Facts;0;0;0;0;0;0;1;0;0
Aspirin History;13;The Chemistry and History of Aspirin;1;1;0;1;0;0;1;1;0
Aspirin History;36;[Today in History] 6 March 1899 – Bayer Registers “Aspirin” as a Trademark;1;1;0;1;1;0;1;1;0
Aspirin History;40;The link between low-dose aspirin and stroke risk;0;1;0;0;0;0;1;0;0
Aspirin History;19;Part 2: Aspirin Use to Prevent Cardiovascular Disease #shorts;0;1;1;0;0;0;1;0;1
Aspirin History;15;The History of Aspirin;1;1;0;1;0;0;0;0;1
Aspirin History;20;"Dr. Fraser Mustard: ""Work on platelets and aspirin"", FCIHR Video History of Medicine in Canada";1;1;0;0;0;0;0;0;0
Aspirin History;4;How Aspirin Changed Medicine Forever;0;0;0;0;0;0;1;0;0
Aspirin History;35;This Day In History March 6th: Bayer Patents Aspirin;0;0;0;0;0;0;1;0;0
Aspirin History;23;"Lecture ""Aspirin: history, uses, quality control"", Bukovinian State Medical University";1;1;0;1;0;0;1;0;1
Aspirin History;17;Aspirin's Amazing History: The Miracle Drug That Changed the World (Part 1) ;1;1;0;0;1;0;0;0;0
Aspirin History;8;The History of Aspirin by Nathan Hart;0;0;0;0;0;0;0;0;0
Aspirin History;9;The HIDDEN History of Bayer Aspirin! ?? #Bayer;0;0;0;0;0;0;1;0;0
Aspirin History;24;Bayer Aspirin History;0;0;0;0;0;0;0;0;0
Aspirin History;31;BBC connections on history of synthetic aspirin;1;1;0;1;0;0;0;0;1
Aspirin History;38;CIC305 Intro to History of Aspirin;0;0;0;0;0;0;1;0;0
Aspirin History;30;Daily Aspirin - Should You Take It? Cardiologist Update;0;1;1;0;0;0;1;1;0
Aspirin History;1;How aspirin was discovered - Krishna Sudhir;1;1;0;0;0;1;1;1;0
Aspirin History;22;History of aspirin - Wikipedia Article Audio;0;0;0;0;0;0;0;0;1
Aspirin History;16;Aspirin: History to Modern Applications, Uses, Considerations and Research On Progress;1;1;0;0;0;0;1;1;0
ScottishFlag;14;History of the Scottish flag in 2 minutes or less;0;0;0;0;0;0;0;0;1
ScottishFlag;2;What Happened to the Old Scottish Flag?;0;1;0;0;0;0;1;1;0
ScottishFlag;3;The Origin of the Scottish Flag/Saltire;0;0;0;0;0;0;1;0;0
ScottishFlag;29;The Legend of Scotland Flag;0;0;0;0;0;1;1;1;0
ScottishFlag;28;How Scottish Independence Could Cause Huge Changes In National Flags;0;0;0;0;0;0;0;1;0
ScottishFlag;6;Birthplace of the Scottish Flag | Scottish History;0;0;0;0;0;0;1;1;1
ScottishFlag;11;Scottish Flag - Everything You Need To Know About Scotland;0;0;0;0;0;0;1;0;1
ScottishFlag;34;Stories of Scottish, Irish and Welsh Symbols;1;1;0;1;0;0;1;1;0
ScottishFlag;21;Why Scotland's New Flags Are So Important;0;0;0;0;0;0;1;0;0
ScottishFlag;5;The Complete History of Scotland’s Flag — The Saltire;1;1;0;0;0;0;1;0;0
ScottishFlag;32;Why Was The Scottish Flag Changed?;0;0;0;0;0;0;1;1;0
ScottishFlag;27;The two flags of Scotland!;0;0;0;0;0;0;0;0;1
ScottishFlag;33;Traditional Scottish Symbols and National Items of Scotland with Foreign Origin;1;0;0;0;0;0;1;0;0
ScottishFlag;12;The Story of the Scottish Flag The Saltire | Scotland's History;0;0;0;0;0;0;0;0;0
ScottishFlag;10;The Cross of St Andrew the Symbol of Scotland's Freedom;0;0;0;0;0;0;0;0;1
ScottishFlag;7;The Flags of Scotland;1;1;0;1;0;0;1;1;0
ScottishFlag;25;Ancient Origins of the Scottish Flag: The Story of the Saltire;1;1;0;0;1;1;1;0;0
ScottishFlag;18;The History of the Union Flag!;1;1;0;0;0;1;1;0;0
ScottishFlag;26;Scotland - Any blue shade flag;1;1;1;1;0;0;1;0;0
ScottishFlag;39;The History of Northern Ireland’s Flag — The Ulster Banner & St Patrick’s Cross;0;0;0;0;0;0;1;1;0
ScottishFlag;37;Scotland - Geography, Culture and Economy;0;0;0;0;0;0;1;0;0
ScottishFlag;13;The Origins of Scotlands Flags - The St Andrews Cross & Lion Rampant;0;0;0;0;0;0;0;0;1
ScottishFlag;36;Jamaica and Scotland's hidden history;0;0;0;0;0;0;0;1;1
ScottishFlag;40;Why are St George's Cross and Union flags dividing opinion? ;0;0;0;0;0;0;1;1;0
ScottishFlag;19;History of Scotland with Flags: Every Year (429-2025);0;0;0;0;0;0;1;1;0
ScottishFlag;15;The Fairy Flag of Dunvegan: The MacLeods History of Magic (Scottish Folklore);1;1;0;0;0;1;1;0;0
ScottishFlag;20;The Animated History of Scotland;1;1;0;0;0;0;1;1;0
ScottishFlag;4;The History of the Scottish Flag;1;1;0;0;0;0;0;1;0
ScottishFlag;35;Scotland: 10 Interesting Facts about Country’s History and Customs;1;1;0;1;0;0;1;1;0
ScottishFlag;23;What Does the British Flag Mean?;1;0;0;1;0;0;1;0;0
ScottishFlag;17;"Athelstaneford ""Birthplace of Scotland's Flag""";0;0;0;0;0;0;1;0;0
ScottishFlag;8;Origins of the Flag of Scotland;0;0;0;0;0;0;0;0;0
ScottishFlag;9;Meaning of the Scottish Flag (Saltire) – Quick Facts about Scotland;1;0;0;1;0;0;1;0;0
ScottishFlag;24;The birth of a flag;0;1;1;0;0;0;0;0;1
ScottishFlag;31;Scotland: Flags and Landmarks;1;1;1;0;0;0;0;0;0
ScottishFlag;38;The Origin & Meaning of 13 Scottish Clan Surnames…;0;1;1;0;0;0;1;1;0
ScottishFlag;30;Flag Of Scotland;0;0;0;0;0;0;1;0;1
ScottishFlag;1;I Bet You Never Knew This About the Scottish Flag;1;1;1;1;0;0;1;1;1
ScottishFlag;22;How did a twisted method of execution become our national flag? ;1;1;1;0;0;0;1;1;0
ScottishFlag;16;National Symbols of Scotland ??????????????| Flag, Emblem, Anthem & More | #scotland;0;0;0;0;0;0;1;1;0
Pizzagate;14;Andrew Scheer surprises town hall attendees with response to 'Pizzagate' conspiracy theory question;1;1;1;0;0;0;1;0;0
Pizzagate;2;Pizzagate conspiracy theory | Rick Spence and Lex Fridman;1;1;0;1;0;0;0;1;0
Pizzagate;3;Pizzagate conspiracy theory;1;1;0;0;0;0;1;1;0
Pizzagate;29;Hillary Clinton Addresses The Pizzagate Hoax;1;1;0;1;0;0;1;0;0
Pizzagate;28;"""Pizzagate"" suspect charged after allegedly firing shot in D.C. restaurant";1;1;0;1;0;0;1;0;0
Pizzagate;6;?? Pizzagate EXPOSED: The Internet Conspiracy That Led to Real-World Danger!;0;0;0;0;0;0;1;0;0
Pizzagate;11;Pizzagate: Are Democrats Harvesting Children’s Blood? - Jordan Klepper Fingers the Conspiracy;1;1;1;0;0;0;1;1;0
Pizzagate;34;Elon Musk Vs Media Matters: Why Musk Is Boosting Pizzagate Conspiracy Theory? | Elon Musk;1;1;0;0;0;0;1;1;0
Pizzagate;21;THE MYSTERIES OF THE PIZZAGATE CONSPIRACY;1;1;0;0;0;0;1;0;0
Pizzagate;5;Has The PizzaGate Conspiracy Theory Been Debunked? - Moments That Shocked Us;1;1;0;0;1;1;1;1;0
Pizzagate;32;Andrew Scheer says he didn't hear full question on 'pizzagate' conspiracy;1;1;0;0;0;0;1;1;0
Pizzagate;27;Trump hosts event featuring QAnon, ‘Pizzagate’ conspiracy theorist at Mar-a-Lago;1;1;0;1;0;0;1;1;0
Pizzagate;33;Elon Musk Endorses Psychotic Pizzagate Conspiracy | The Kyle Kulinski Show;1;1;1;1;0;0;1;1;0
Pizzagate;12;What Really Happened in Pizzagate? The Full Story Finally Revealed! Conspiracy Stories;0;0;0;0;0;0;1;0;0
Pizzagate;10;Pizzagate;1;1;0;0;0;1;1;1;0
Pizzagate;7;Pizzagate: Are Democrats Harvesting Children’s Blood? - Jordan Klepper Fingers the Conspiracy;1;1;1;0;0;0;1;1;0
Pizzagate;25;Elon Musk Bizarrely Tweets About Pizzagate, Then Deletes Post: Robby & Brie REACT;1;1;1;0;0;0;1;1;0
Pizzagate;18;"Scheer on 'pizzagate': ""A ridiculous conspiracy theory""";1;1;0;0;0;0;0;0;0
Pizzagate;26;What Is The Pizzagate Conspiracy? - Inside the Supernatural;1;1;0;0;1;1;1;1;0
Pizzagate;39;Man who pled guilty amid ‘Pizzagate’ conspiracy shot, killed by police in Kannapolis;1;1;0;1;0;0;1;1;0
Pizzagate;37;Why Alex Jones Is SOOO SORRY About Pizzagate;1;1;0;0;0;0;0;0;0
Pizzagate;13;The Most INSANE Pizzagate Theory EVER;1;1;1;1;0;1;1;1;1
Pizzagate;36;I Was Reprimanded for Talking About Pizzagate;1;1;0;1;0;0;1;0;0
Pizzagate;40;IS PIZZAGATE FAKE NEWS? | Tim Black on The Michael Trimm Show;0;1;1;0;0;1;1;1;0
Pizzagate;19;Conspiracy Theorists Run 'Pizzagate'-Style Campaign Against Small Businesses | Craig Melvin | MSNBC;1;0;0;0;0;0;1;0;0
Pizzagate;15;The Origins of the #PIZZAGATE Conspiracy Theory;1;1;1;0;0;0;1;0;0
Pizzagate;20;Conspiracy Theories and Fake News from JFK to Pizzagate | Retro Report;1;0;0;0;0;0;1;1;0
Pizzagate;4;The Dark Secrets Behind Why Celebs Say 'PIZZA' ?? PIZZAGATE EXPLAINED ??;1;1;1;1;0;0;1;1;0
Pizzagate;35;'Pizzagate' gunman killed by police in North Carolina;1;1;1;0;0;1;1;1;0
Pizzagate;23;Pizzagate Is An Alt-Right Fever Dream;1;1;0;1;0;0;1;1;0
Pizzagate;17;Witnesses recount 'pizza gate' experience;1;0;0;0;0;0;1;0;0
Pizzagate;8;Pizzagate: The Conspiracy That Shocked the World????| Off The Record With Athul Podcast;1;1;1;1;0;0;1;1;0
Pizzagate;9;The True Story Behind the Pizzagate Conspiracy!;1;1;0;1;0;0;1;1;0
Pizzagate;24;Pizzagate Watch Along - SF591;1;1;1;1;0;0;1;1;0
Pizzagate;31;Pizzagate: Conspiracy Theories Can Get People Killed;1;1;0;1;0;0;1;0;0
Pizzagate;38;RNC asks ‘pizzagate’ conspiracy theorist to train poll watchers ;0;1;1;0;0;0;1;0;0
Pizzagate;30;Elon Musk deletes meme with Pizzagate misinformation | VERIFY;1;1;0;0;0;0;1;1;1
Pizzagate;1;A Rabbit Hole Of Insanity- The Pizzagate Conspiracy Explained;1;0;0;0;0;0;1;1;0
Pizzagate;22;"""Pizzagate"" Isn't Going Away";0;1;1;0;0;0;0;1;0
Pizzagate;16;What Is The Definition Of The PizzaGate Conspiracy Theory In Simple Terms? - Moments That Shocked Us;1;1;0;1;1;1;1;1;0
TajMahal;14;Psychological Tricks of Taj Mahal - This is why YOU LOVE this! ;0;0;0;0;0;0;1;0;0
TajMahal;2;Is this the most beautiful building in the world? - Stephanie Honchell Smith;0;0;0;0;0;0;1;0;0
TajMahal;3;TAJ MAHAL | ARCHITECTURE | HISTORY | STORY | by ZERO ;0;0;0;0;0;1;1;0;0
TajMahal;29;Taj Mahal The Story Behind Its Design;0;0;0;0;0;0;0;0;0
TajMahal;28;History of Architecture Taj Mahal;1;0;0;0;0;0;0;0;0
TajMahal;6;Seen the Taj Mahal 100 Times?But Do You Know What Makes It So Interesting Architecturally? #tajmahal;0;0;0;0;0;0;1;1;0
TajMahal;11;The Taj Mahal: India's Mughal Masterpiece;0;1;1;0;0;0;1;1;0
TajMahal;34;Grand Structures – Taj Mahal;1;0;0;0;0;0;0;0;0
TajMahal;21;The Taj Mahal- Architecture of Love;1;1;0;1;0;0;0;0;1
TajMahal;5;Why Taj Mahal is One of the 7 wonder's? | Architectural View | Documentary | rdo;0;0;0;0;0;0;1;0;0
TajMahal;32;Hidden Secrets of Taj Mahal - What’s Behind the Locked Doors of Taj Mahal?;1;1;0;1;0;0;1;1;0
TajMahal;27;Unveiling the Beauty of the Taj Mahal: An Architectural Marvel #tajmahal #india ;0;0;0;0;0;0;0;0;0
TajMahal;33;Taj Mahal Travel Guide 2025 | History, Architecture | Explore India’s Iconic Wonder;1;1;0;0;0;0;0;0;0
TajMahal;12;Taj Mahal | History And architectural Facts |;1;0;0;0;0;0;1;0;0
TajMahal;10;TAJ MAHAL (Agra, India): full tour;0;0;0;0;0;0;0;0;0
TajMahal;7;The Taj Mahal - Architecture of a Love Story;0;0;0;0;0;0;0;0;1
TajMahal;25;TAJ MAHAL History | Shah Jahan And Mumtaz Begam;1;1;0;0;1;0;0;0;0
TajMahal;18;History of the Taj Mahal;1;1;0;1;0;1;1;1;0
TajMahal;26;Taj Mahal : Ancient Indian Architecture Mastery | NATA, JEE Mains, JEE AAT;1;1;0;0;0;0;1;1;0
TajMahal;39;Taj Mahal History, A Monument of Love or Mystery | @Beyondancientwalls;1;0;0;0;0;0;1;1;0
TajMahal;37;?? Taj Mahal in Agra: How the World’s Greatest Love Monument Was Made ?????;0;0;0;0;0;0;1;0;0
TajMahal;13;Before Taj there was 'Baby Taj' - The story of Noor Jahan’s architectural jewel.;0;0;0;0;0;0;1;0;0
TajMahal;36;Taj Mahal: Secrets, Myths, and the True Construction Story | History9;1;1;0;1;1;0;1;1;0
TajMahal;40;Why Was the Taj Mahal Really Built?;0;0;0;0;0;0;1;0;0
TajMahal;19;WATCH: Trump and first lady visit Taj Mahal during India visit;1;1;0;1;0;0;1;0;0
TajMahal;15;Hidden Secrets Of The Taj Mahal;0;0;0;0;0;0;0;0;1
TajMahal;20;The Mathematics of Taj Mahal | Learn With BYJU'S;1;1;0;1;0;1;1;0;0
TajMahal;4;Secrets of the Taj Mahal - National Geographic;0;1;1;0;0;0;1;0;0
TajMahal;35;Taj Mahal - 7 Wonders of the world - Indian Architecture;0;0;0;0;0;0;1;0;1
TajMahal;23;TAJ MAHAL, AGRA FORT & BABY TAJ: inside, architecture, history - vlog 20;1;0;0;0;0;0;1;0;0
TajMahal;17;Taj Mahal: A Lesson in Love, Architecture, and History;0;0;0;0;0;0;1;0;0
TajMahal;8;Hidden Secrets of Taj Mahal;1;0;0;0;0;1;1;1;0
TajMahal;9;Step Inside the Taj Mahal and See Its Beautiful Interior | Taj Mahal Inside Views | Gingerline Media;0;0;0;0;0;0;1;0;0
TajMahal;24;Taj mahal ?? symbol of love ;0;0;0;0;0;0;1;0;0
TajMahal;31;Taj Mahal: A Symbol of Love and Architectural Genius by Shah Jahan;1;0;0;0;0;0;1;0;0
TajMahal;38;The Taj Mahal – A Timeless Love Story and Masterpiece of India ;0;0;0;0;0;0;1;0;0
TajMahal;30;Taj Mahal in India at bank of Yamuna River Agra | Architect Ustad Ahmad Lahauri.|;0;0;0;0;0;0;1;0;0
TajMahal;1;The Taj Mahal - Masterpiece Of Engineering;0;0;0;0;0;1;1;1;0
TajMahal;22;India's Architecture | TAJ MAHAL!;1;1;1;1;0;0;1;0;0
TajMahal;16;Is Taj Mahal a Temple? | The Mystery Explained by Dhruv Rathee ;1;1;0;1;0;0;1;1;0
ThreeGorges;14;World's biggest dam: China's engineering masterpiece or environment disaster? | 60 Minutes Australia;0;0;0;0;0;0;1;0;0
ThreeGorges;2;Three Gorges Dam opens three discharging outlets to ease flood control pressure;0;0;0;0;0;0;0;0;0
ThreeGorges;3;Three Gorges Dam: The World's Most Powerful Dam;0;0;0;0;0;0;1;1;0
ThreeGorges;29;Video Simulation after 3 Gorges Dam Collapse;0;0;0;0;0;0;1;0;1
ThreeGorges;28;?? Three Gorges Dam Opens 11 Gates – Collapse Threat Rises, Floods Ravage Downstream!;0;0;0;0;0;0;1;1;0
ThreeGorges;6;The Dam That Could End Civilization: Three Gorges Dam;1;0;0;0;0;0;1;0;0
ThreeGorges;11;The Three Gorges Dam: The Most Important Strategic Target in the World;0;0;0;0;0;1;1;0;0
ThreeGorges;34;Three Gorges Dam Nightmare: Beijing Submerged by Secret Midnight Deluge, Truth Buried;1;1;0;0;0;1;1;1;0
ThreeGorges;21;The Three Gorges on the Yangtze River;0;0;0;0;0;0;0;0;0
ThreeGorges;5;What Would Happen if the Three Gorges Dam Failed?;0;0;0;0;0;0;1;0;0
ThreeGorges;32;The Cracking Three Gorges Dam Man-Made Disaster, Hidden Truths, and China’s Collapse;0;1;1;0;0;0;1;1;0
ThreeGorges;27;Is The Three Gorges Dam A Ticking Time Bomb for 400 Million People ?;0;0;0;0;0;0;1;1;0
ThreeGorges;33;Three Gorges Dam ? Incident ? Sep 22 2025 China Latest information;0;1;0;0;0;0;1;1;0
ThreeGorges;12;Gen Z Wants To Blow Up China's Biggest Dam;1;1;1;1;0;0;1;0;0
ThreeGorges;10;3 Gorges Dam with InSAR Satellite Data;0;1;0;0;0;0;1;1;0
ThreeGorges;7;Mega Dams – Hydroelectric Evolution – Big Bigger Biggest;0;0;0;0;0;0;1;0;0
ThreeGorges;25;China's Three Gorges Dam: the disaster project | Revisited • FRANCE 24 English;1;1;0;0;0;0;1;0;0
ThreeGorges;18;The $75 Billion Three Gorges Dam Has Failed – The World’s Largest “Tofu-Dreg” Construction Exposed;0;1;1;0;0;0;1;1;0
ThreeGorges;26;Three Gorges Dam on the Edge: Cities Flooded to Save It;1;1;0;1;0;0;1;1;0
ThreeGorges;39;Three Gorges Dam Nightmare: Cracks Exposed, China on Edge!;1;0;0;0;0;0;1;1;0
ThreeGorges;37;Three Gorges Dam ? Serious Problem ? Aug 21 2025 China Latest information;1;0;0;0;0;0;1;1;0
ThreeGorges;13;Tremors Around the Three Gorges Dam — Many Cracks Make Scientists Worried;1;0;0;0;0;0;0;1;0
ThreeGorges;36;Three Gorges Dam Forced to Release Water as Super Typhoons, Floods, and Landslides Devastate China.;0;0;0;0;0;0;1;1;0
ThreeGorges;40;Three Gorges Dam | History, Facts, Capacity, Map and Controversy of The World's Most Powerful Dam;0;0;0;0;0;0;1;0;0
ThreeGorges;19;China’s Three Gorges Dam Nightmare: Cracks Reveal a Looming Disaster!;0;0;0;0;0;0;1;1;0
ThreeGorges;15;The Three Gorges Dam and its potential catastrophic impact on the planet;1;1;0;1;0;0;1;1;0
ThreeGorges;20;The Three Gorges Dam – A Ticking Water Bomb? Nature’s Fury — or a Man-Made Disaster?;1;1;0;0;0;0;1;1;0
ThreeGorges;4;Building the World's Most Powerful Dam That Sets Global Energy Records | Blueprint;0;0;0;0;0;0;1;1;0
ThreeGorges;35;Three Gorges Dam Cracking? Floodgates Open, Millions at Risk;1;1;0;0;1;0;1;1;0
ThreeGorges;23;Three Gorges Dam ? Unstoppable Flood ? Sep 30 2025 China Latest information;0;0;0;0;0;0;1;0;1
ThreeGorges;17;China’s $31 BILLION Three Gorges Dam Is COLLAPSING!;0;0;0;0;0;0;1;0;0
ThreeGorges;8;Top 7 Most Dangerous Dams in the World | Three gorges dam;0;0;0;0;0;0;1;0;0
ThreeGorges;9;A tour of the Three Gorges Dam;0;0;0;0;0;0;1;0;0
ThreeGorges;24;China: Three Gorges Dam Might Be Slowing Earth's Spin | WION Fineprint;0;0;0;0;0;0;1;1;0
ThreeGorges;31;Three Gorges Dam Releases Floodwaters – Cities Underwater Across China;1;0;0;0;0;0;1;1;0
ThreeGorges;38;World’s largest ‘ship lift’ in the Three Gorges Dam;0;0;0;0;0;1;1;0;0
ThreeGorges;30;Cracks Exposed in Three Gorges Dam—China’s Greatest Risk Yet;0;1;1;0;0;0;1;1;0
ThreeGorges;1;Building the world's largest (and most controversial) power plant - Alex Gendler;0;0;0;0;0;0;1;0;0
ThreeGorges;22;The Three Gorges Dam Nightmare Arrives, as the Yangtze Floods Sichuan With 1,000 West Lake Volume;0;0;0;0;0;0;1;1;0
ThreeGorges;16;Three Gorges Dam ? Dangerous ? Oct 7 2025 China Latest information;0;0;0;0;0;0;1;0;0
MergeDatasetsExcel;16;Merge Duplicate Rows in Excel Combining Unique Values in One Cell;0;1;1;0;0;1;1;1;0
MergeDatasetsExcel;22;EASILY Combine Multiple Excel Sheets Into One With This Trick ;1;1;1;1;0;0;1;1;0
MergeDatasetsExcel;1;How to Join Tables in Excel | Merge or Append Data From Different Sheets Using Power Query;0;1;1;0;0;0;1;1;0
MergeDatasetsExcel;30;Merge Data Frames by Two ID Columns in R (2 Examples) | merge() vs. join() Function of dplyr Package;1;1;1;1;0;0;1;1;0
MergeDatasetsExcel;38;How to Compare Two Excel Sheets and Find Differences;1;1;0;0;0;0;1;1;0
MergeDatasetsExcel;31;Merge Multiple Excel Files into 1 File in just few Seconds !!;0;0;0;0;0;0;1;0;0
MergeDatasetsExcel;24;Combining Datasets in SPSS;0;0;0;0;0;0;1;0;0
MergeDatasetsExcel;9;Advanced Pivot Table Techniques: Combine Data from Multiple Sheets in Excel;0;1;1;0;0;0;1;1;0
MergeDatasetsExcel;8;Automatic Transfer Data From Master Sheet to Another Sheets in Excel | MRB Tech Solutions;0;0;0;0;0;0;1;1;0
MergeDatasetsExcel;17;Combine Data from Multiple Sheets into One Sheet In Excel | Consolidate Tables into a Single Sheet;0;1;1;0;0;1;1;1;0
MergeDatasetsExcel;23;MERGE and APPEND inside POWER QUERY in Power BI;1;1;0;1;0;0;1;1;0
MergeDatasetsExcel;35;Match Two Excel Workbook | Match Data in Two Excel Sheets | Match Data in Excel;1;1;1;1;0;0;1;1;0
MergeDatasetsExcel;4;How to Join Tables using VLOOKUP formula in Excel;0;0;0;0;0;0;1;0;0
MergeDatasetsExcel;20;Easiest way to COMBINE Multiple Excel Files into ONE (Append data from Folder);0;1;1;0;0;0;1;1;0
MergeDatasetsExcel;15;How To Easily Merge Tables With Power Query: Vlookup Alternative;1;1;1;1;0;0;1;1;0
MergeDatasetsExcel;19;How to connect two tables in Excel - With Example Workbook;1;1;0;1;0;0;1;1;0
MergeDatasetsExcel;40;How To Compare Excel Files and Find Differences;0;1;1;0;0;0;1;1;0
MergeDatasetsExcel;36;Stata - How to Merge Datasets;1;1;0;1;0;1;1;1;0
MergeDatasetsExcel;13;How to Pull Data into Excel Reports from Another Spreadsheet with VLOOKUP and XLOOKUP;1;1;1;1;0;0;1;1;0
MergeDatasetsExcel;37;Match Two Sheets/Workbook Data Based on Real Time Problem | How to Match Two Workbook Data;1;1;0;1;0;0;1;1;0
MergeDatasetsExcel;39;Merging DataFrames in Pandas | Python Pandas Tutorials;0;1;1;0;0;0;1;1;0
MergeDatasetsExcel;26;Combine Two Datasets with Merge Tool in Excel.;0;0;0;0;0;0;1;0;0
MergeDatasetsExcel;18;How to Sort and Synchronize two list together and align two set of Data in Microsoft Excel;0;0;0;0;0;0;1;0;0
MergeDatasetsExcel;25;AWESOME Excel trick to combine data from files with DIFFERENT headers;1;1;1;1;0;0;1;1;0
MergeDatasetsExcel;7;How to link two files in Excel - 2 ways to solve the problem;1;1;0;1;0;0;1;1;0
MergeDatasetsExcel;10;How to Move Data Automatically Between Excel Files;1;1;1;1;0;0;1;1;0
MergeDatasetsExcel;12;How to merge/join/combine two datasets into one with Microsoft Access;0;0;0;0;0;0;1;0;0
MergeDatasetsExcel;33;Consolidate Data in Excel that has Multiple Duplicate Values On the Same Excel Worksheet;0;0;0;0;0;0;1;0;0
MergeDatasetsExcel;27;Combine 2 rows into 1 record in Power Query;0;0;0;0;0;1;1;0;0
MergeDatasetsExcel;32;Combine / Merge Rows based on ID column using power Query in Power BI | MiTutorials;0;0;0;0;0;1;1;1;0
MergeDatasetsExcel;5;Master Data Merging in Excel: Connecting Different Datasets by Common Reference ID;1;1;0;1;0;0;1;1;1
MergeDatasetsExcel;21;How to Merge Databases in SPSS - Longitudinal Data;0;1;0;0;0;0;1;1;0
MergeDatasetsExcel;34;Consolidate & Clean Multiple Excel Sheets in One Pivot Table;1;1;1;1;0;0;1;1;0
MergeDatasetsExcel;11;Excel Workbook Fusion: Combine Workbooks with Common Column - Episode 2216;1;1;1;1;0;0;1;1;0
MergeDatasetsExcel;6;How to Combine Multiple Excel Sheets or Workbooks Seamlessly;0;1;1;0;0;0;1;1;0
MergeDatasetsExcel;28;AWESOME Excel trick to combine data from multiple sheets;1;1;1;1;0;0;1;1;0
MergeDatasetsExcel;29;?? How to look for values in another table in Excel (INDEX + MATCH formulas) in 2 minutes;1;1;0;1;0;0;1;1;0
MergeDatasetsExcel;3;Excel - Merge Data from Multiple Sheets Based on Key Column;0;0;0;0;0;0;1;0;0
MergeDatasetsExcel;2;Match Names on Two Excel Sheets with VLOOKUP – Create Unique ID in Excel;0;1;1;0;0;1;1;1;0
MergeDatasetsExcel;14;How to Do a VLOOKUP With Two Spreadsheets in Excel;0;1;0;0;0;0;1;1;0
ApaRefsWord;16;Formatting a Reference Page in APA style 7th Edition;0;0;0;0;0;0;1;0;0
ApaRefsWord;22;How to Create APA Format in Word - Full Guide {2025} ;1;1;1;1;0;0;1;1;0
ApaRefsWord;1;How to format your APA 7th ed reference list default;0;0;0;0;0;0;1;0;1
ApaRefsWord;30;Format your APA Reference List on a Mac;0;0;0;0;0;0;1;0;0
ApaRefsWord;38;Converting previous citation to APA format;0;0;0;0;0;0;1;0;0
ApaRefsWord;31;How to add APA 7th reference style to MS Word?;0;0;0;0;0;1;1;0;0
ApaRefsWord;24;Formatting an APA Style Reference List;0;0;0;0;0;0;1;0;1
ApaRefsWord;9;APA 7th Edition Format & Citations (Word) -- 2025;0;1;0;0;0;1;1;1;0
ApaRefsWord;8;How To Reference In Microsoft Word 2025 ????? Full Tutorial With Examples Of Citations & Bibliography;1;1;1;1;0;0;1;1;0
ApaRefsWord;17;How to format your paper in APA style in 2025;1;1;1;0;0;0;1;1;0
ApaRefsWord;23;How to add Citations and References using Microsoft Word | Adding Citation and References by MS word ;0;1;0;0;0;1;1;0;0
ApaRefsWord;35;APA Format in Word - Reference Section (American Psychological Association);0;0;0;0;0;1;1;0;1
ApaRefsWord;4;APA Style Reference Page;0;0;0;0;0;0;1;0;0
ApaRefsWord;20;How to Add APA 7th Edition Reference Style to MS Word ;0;0;0;0;0;1;1;1;0
ApaRefsWord;15;Indent your APA style reference list in under 30 seconds.;0;0;0;0;0;0;1;0;0
ApaRefsWord;19;How to Format an APA References Page;0;0;0;0;0;0;1;0;0
ApaRefsWord;40;APA References Formatted in Google Docs;0;0;0;0;0;0;1;0;0
ApaRefsWord;36;Format a Student Paper in APA 7th Edition Using Microsoft Word ;1;1;0;1;0;0;1;1;0
ApaRefsWord;13;How To Insert An APA Citation In Microsoft Word | Step By Step Guide - Microsoft Word Tutorial;1;1;0;0;0;0;1;1;0
ApaRefsWord;37;How to Add Citation and References in Word;0;0;0;0;0;0;1;1;0
ApaRefsWord;39;APA Format 7th Edition: Reference Page Tutorial (Websites, Journals, Magazines, Newspaper Articles);1;1;1;0;0;1;1;1;0
ApaRefsWord;26;How To Perform Referencing In Microsoft Word (Super Simple!) ;0;0;0;0;0;0;1;1;0
ApaRefsWord;18;Put Your REFERENCES in APA FORMAT in Microsoft WORD | Research Help;0;0;0;0;0;0;1;0;0
ApaRefsWord;25;APA 7th Edition: The Basics of APA In-text Citations | Scribbr ??;1;1;0;1;0;1;1;1;0
ApaRefsWord;7;APA (7th Ed.) References Page;0;0;0;0;0;0;1;0;0
ApaRefsWord;10;How to Do a Hanging Indent in Word | How to Format a Bibliography in APA Style | References in Word;0;0;0;0;0;0;1;1;0
ApaRefsWord;12;How to Write a Research Paper in APA Style (Step-by-Step Tutorial) ;1;1;0;0;0;1;1;1;0
ApaRefsWord;33;How to Indent Reference List in APA Style in Word 2025 (Fast & Easy Guide);0;1;1;0;0;0;1;1;0
ApaRefsWord;27;Referencing A Website In MS Word APA Format Website Reference;0;0;0;0;0;1;1;1;0
ApaRefsWord;32;How to format a reference list in Word using Endnote in APA 7 style.;0;0;0;0;0;0;1;0;0
ApaRefsWord;5;APA 7th Edition: Formatting the APA Reference Page | Scribbr ??;0;0;0;0;0;0;1;1;0
ApaRefsWord;21;Alphabetizing References in Word;0;0;0;0;0;0;1;0;1
ApaRefsWord;34;Formatting the APA Reference Page in Google Docs (6th Edition) | Scribbr ??;0;0;0;0;0;0;1;1;0
ApaRefsWord;11;APA Style Format in Word - Reference Section;0;0;0;0;0;0;1;0;0
ApaRefsWord;6;How to Cite APA Format References (website, book, article, etc.) ;0;0;0;0;0;0;1;0;0
ApaRefsWord;28;Format a Word document in APA 6th edition;0;0;0;0;0;0;1;0;0
ApaRefsWord;29;The Basics of Citing and Referencing in APA 7th Edition;1;1;1;1;0;1;1;1;0
ApaRefsWord;3;Basic for Format APA Style References Page Quick Demo;0;0;0;0;0;0;1;0;0
ApaRefsWord;2;APA References Page: How to format in Hanging Indent and Alphabetize II Works cited II Bibliography;0;0;0;0;0;0;1;0;0
ApaRefsWord;14;Add Citations & References Using Microsoft Word 2023 | APA Referencing;1;1;0;1;0;1;1;1;0
DocxConvertPDF;16;How To Convert Word To PDF (3 Easy Methods!);0;0;0;0;0;0;1;0;0
DocxConvertPDF;22;How to Save a Word Document as a PDF;0;0;0;0;0;0;1;0;0
DocxConvertPDF;1;How to Convert Word to PDF;1;1;0;1;0;0;1;1;0
DocxConvertPDF;30;How to Edit PDF File in Word;1;1;0;1;0;0;1;1;0
DocxConvertPDF;38;powerpoint to word;1;0;0;0;0;1;1;1;1
DocxConvertPDF;31;How to Convert PowerPoint PPT to Word Document;0;0;0;0;0;0;1;0;0
DocxConvertPDF;24;How to Compress Word File | Reduce Size of Word Document ;0;0;0;0;0;0;1;0;0
DocxConvertPDF;9;How to Convert PDF to Word on iPad (tutorial);0;0;0;0;0;0;1;1;0
DocxConvertPDF;8;How to Convert Word to PDF in Laptop;0;0;0;0;0;0;1;1;0
DocxConvertPDF;17;How to Convert Word to PDF (Quick & Easy);0;1;1;0;0;0;1;1;0
DocxConvertPDF;23;How To SAVE Word Document In PDF In Laptop (Quick & Easy) ;0;0;0;0;0;0;1;0;0
DocxConvertPDF;35;How to Combine Multiple Word Documents into One PDF;0;0;0;0;0;0;1;0;0
DocxConvertPDF;4;How to save a Document as a PDF in Word 2019;1;1;0;0;0;1;1;1;0
DocxConvertPDF;20;MS Word: Save pages of a document as individual files ? 1 MINUTE;1;1;0;1;0;1;1;1;0
DocxConvertPDF;15;Automatically Create Clickable PDF Bookmarks Using Microsoft Word;1;1;1;1;0;0;1;1;0
DocxConvertPDF;19;How to send a Word Document as an Attachment to Email | MS Word;0;0;0;0;0;0;1;1;0
DocxConvertPDF;40;How to upload Word Doc to Google Classroom;0;0;0;0;0;0;1;0;0
DocxConvertPDF;36;UNISA Invigilator App and Exam. Convert Word Doc to PDF;0;0;0;0;0;0;1;0;1
DocxConvertPDF;13;How To Save Word Document as PDF on Mac (2025);0;0;0;0;0;1;1;0;0
DocxConvertPDF;37;How To Save Microsoft Forms Responses In PDF using Power Automate | MS Forms to PDF.;0;0;0;0;0;0;1;0;0
DocxConvertPDF;39;How to Save a Word Doc on a Mac;0;0;0;0;0;0;1;0;0
DocxConvertPDF;26;How to Save a Word Document as a PDF File;0;0;0;0;0;1;1;0;0
DocxConvertPDF;18;How to Convert a Word Document to PDF | Convert Word Resume to PDF (2025 Guide) @computerskillsandgk;0;0;0;0;0;0;1;1;0
DocxConvertPDF;25;From MS Forms to Word & PDF: The Easiest Automation Ever;1;1;0;0;0;0;1;1;0
DocxConvertPDF;7;How to convert a PDF to a Word document, and edit it;0;1;1;0;0;0;1;1;0
DocxConvertPDF;10;How To Convert Word Doc as PDF;0;0;0;0;0;0;1;1;0
DocxConvertPDF;12;Convert Submissions into PDF Documents;0;1;1;0;0;1;1;1;0
DocxConvertPDF;33;How to make Fillable Form in Microsoft Word;1;1;1;1;0;0;1;1;0
DocxConvertPDF;27;How To Convert Word Doc To PDF on Mac;0;0;0;0;0;0;1;0;0
DocxConvertPDF;32;Insert a Submit Form Button in Word - Submit Form to Email - Fillable Forms In Word Series;1;1;0;1;0;0;1;1;0
DocxConvertPDF;5;How to Save a Document as a PDF / XPS File in Office 2007 ;0;0;0;0;0;0;1;0;1
DocxConvertPDF;21;Insert Submit Button in PDF Forms - Adobe Acrobat Action Buttons in PDF Fillable Forms;0;1;1;0;0;1;1;1;0
DocxConvertPDF;34;How to Convert Word to PDF on the iPad — NO 3rd Party Apps Needed!;0;0;0;0;0;0;1;0;0
DocxConvertPDF;11;How To Convert a Word Document To PDF on MAC;1;1;1;1;0;0;1;1;0
DocxConvertPDF;6;How to Email a Word Document to Someone;0;0;0;0;0;1;1;0;0
DocxConvertPDF;28;How to Convert Word Document to Google Docs;0;0;0;0;0;0;1;0;0
DocxConvertPDF;29;How to Convert a Word Documents to PDF in iPhone (Without Third-Party Tools);1;0;0;0;0;0;1;0;0
DocxConvertPDF;3;Convert my Word document to PDF and keep the structure;0;0;0;0;0;0;1;0;0
DocxConvertPDF;2;How To Save Word Document As PDF File - Full Guide;1;1;1;1;0;0;1;1;0
DocxConvertPDF;14;Batch convert Word documents to pdf files;0;0;0;0;0;1;1;0;0
GmailForwarding;16;How To Stop Auto Forwarding of Email Messages in Gmail [2025 Full Guide];0;1;1;0;0;1;1;1;0
GmailForwarding;22;How To Setup Automatic Email Forwarding Gmail - How To Automatically Forward Emails in Gmail;0;0;0;0;0;1;1;0;0
GmailForwarding;1;How to Set Up Automatic Email Forwarding in Gmail;0;0;0;0;0;0;1;0;0
GmailForwarding;30;Automatically forward Gmail emails to another account;1;1;0;1;0;1;1;1;0
GmailForwarding;38;How to automatically forward all emails from Gmail to an Outlook email account;0;0;0;0;0;0;1;1;0
GmailForwarding;31;Forward Email to One | Multiple Email Addresses in Gmail;0;0;0;0;0;0;1;1;0
GmailForwarding;24;How to Forward Gmail to Another Gmail Account;0;1;1;0;0;0;1;1;0
GmailForwarding;9;How to Deactivate Automatic Email Forwarding in Gmail [Guide] ;0;0;0;0;0;0;1;0;0
GmailForwarding;8;Forwarding a Gmail account to multiple external addresses;0;0;0;0;0;0;1;0;0
GmailForwarding;17;How To Forward Gmail Automatically (How To Set Up Automatic Email Forwarding In Gmail);0;1;1;0;0;0;1;1;0
GmailForwarding;23;How to Set Email Forwarding & Routing in Gmail in Google Workspace Admin Console 2025 Easily;0;0;0;0;0;1;1;1;0
GmailForwarding;35;Forwarding Specific Emails with Gmail;1;1;0;0;0;0;1;1;1
GmailForwarding;4;Outlook - How to Setup AUTOMATIC FORWARDING (for Specific or All Emails);0;0;0;0;0;0;1;1;0
GmailForwarding;20;Auto Forward emails from a sender to another email on gmail;0;0;0;0;0;0;1;0;0
GmailForwarding;15;How to setup forwarding to multiple addresses in Gmail ????;0;1;1;0;0;1;1;1;0
GmailForwarding;19;How to Forward Email on Google Workspace (Full 2025 Guide);0;1;1;0;0;1;1;1;0
GmailForwarding;40;How to Set Up Automatic Email Forwarding in Gmail (Full 2025 Guide);0;1;1;0;1;0;1;1;0
GmailForwarding;36;How To Forward Your Yahoo Emails to Gmail [2025 Full Guide];0;1;1;0;0;1;1;1;0
GmailForwarding;13;How to Set Up Automatic Email Forwarding in Gmail (Tutorial 2025);0;1;1;0;0;1;1;1;0
GmailForwarding;37;How to auto forward emails in Outlook;1;1;0;1;0;0;1;1;0
GmailForwarding;39;How to Automatically Forward Specific Emails in Gmail ;0;0;0;0;0;0;1;1;0
GmailForwarding;26;How to Set Up Email Forwarding in Gmail;0;0;0;0;0;1;1;0;0
GmailForwarding;18;How to Deactivate Automatic Email Forwarding in Gmail (Guide);0;0;0;0;0;1;1;1;0
GmailForwarding;25;How to Turn Off Automatic Email Forwarding in Gmail (2025 Step-by-Step);0;1;0;1;0;0;1;1;0
GmailForwarding;7;How to Auto Forward Emails to Google Workspace Group (Full 2025 Guide);0;1;1;0;0;0;1;1;0
GmailForwarding;10;Gmail: How to Automatically Move Emails to a Folder - Auto Filter & Sort Email to Folder;0;1;1;0;0;0;1;1;0
GmailForwarding;12;How to set email forwarding in Google Workspace admin console;0;0;0;0;0;1;1;1;0
GmailForwarding;33;How To Remove or Deactivate Automatic Email Forwarding in Gmail Account [Guide];0;0;0;0;0;1;1;1;0
GmailForwarding;27;How to set u p automatic email forwarding in Gmail?;1;1;0;0;1;1;1;0;0
GmailForwarding;32;How to Automatically Forward Emails From Outlook to Gmail || Turn on Automatic Forwarding in Outlook;1;0;0;0;0;0;1;1;0
GmailForwarding;5;How to Set Up Automatic Email Forwarding in Gmail (2025);0;0;0;0;0;1;1;0;0
GmailForwarding;21;How to Set Up Automatic Email Forwarding in Gmail ?;0;0;0;0;0;0;1;0;0
GmailForwarding;34;How To Deactivate Automatic Email Forwarding In Gmail (Full 2025 Guide);1;1;0;0;0;0;1;0;0
GmailForwarding;11;How to Automatically Forward Specific Emails in Gmail | Easy Step-by-Step Guide;0;0;0;0;0;0;1;0;0
GmailForwarding;6;How to: Create an automatic response in Gmail;0;0;0;0;0;0;1;0;0
GmailForwarding;28;How to Auto-forward Emails in Gmail;1;1;0;0;1;0;1;0;0
GmailForwarding;29;How to Auto Forward Webmail to Gmail | Get a Copy of Your Emails Sent to Another Email;0;0;0;0;0;0;1;0;0
GmailForwarding;3;How to Forward Email Automatically in Gmail;0;1;1;0;0;0;1;1;0
GmailForwarding;2;How To Automatically Forward Specific Emails In Gmail;0;1;0;0;0;1;1;1;0
GmailForwarding;14;How To Set up Automatic Email Forwarding in Gmail [2025 Full Guide];0;1;1;0;0;1;1;1;0
DateWebpage;16;How to Find the Date of a Web Article;0;0;0;0;0;0;1;0;0
DateWebpage;22;How to check the publication date of a website;0;0;0;0;0;1;1;0;0
DateWebpage;1;How to find publish date of a website (WORKS EVERY TIME);1;1;0;1;1;0;1;1;0
DateWebpage;30;How To Find All Pages On A Website? [in 2025] (Check All URLs Of A Website);1;1;0;1;0;0;1;1;0
DateWebpage;38;How To Search a Single Website;1;1;1;1;0;0;1;1;0
DateWebpage;31;DYKSBBC_How to know the publication date of an article;1;1;0;0;0;0;1;0;1
DateWebpage;24;How Important Is The Publication Date Of A Website? - High School Toolkit;1;1;0;0;1;1;1;1;0
DateWebpage;9;Tech Tips: How to Check when a Website was Last Updated;0;0;0;0;0;0;1;0;0
DateWebpage;8;How to find a published date of a website or web publication;0;0;0;0;0;0;1;0;0
DateWebpage;17;Library Quick Tips - Publication Date;0;0;0;0;0;0;1;0;0
DateWebpage;23;How Old is a Web Page?;0;0;0;0;0;0;1;0;0
DateWebpage;35;Julie Lavoie | How Soon is Now: extracting publication dates with machine learning;1;1;0;0;0;0;1;1;0
DateWebpage;4;How to Find the Hidden Published Date of Any Online Article Easily ;1;0;0;1;0;0;1;1;0
DateWebpage;20;How to Find a Website's Publication Date;0;0;0;0;0;0;1;0;0
DateWebpage;15;How to Show Published Date of a Website Blog Post/ Article;0;0;0;0;0;0;1;0;0
DateWebpage;19;How To Find When A Web Page Was Published? - LearnToDIY360.com;1;1;0;1;1;1;1;0;0
DateWebpage;40;Do dates in URLs determine freshness?;1;1;0;1;0;0;0;0;0
DateWebpage;36;Tech Tip: Webpage Workaround. How to find a page that's missing;0;1;0;0;0;1;1;1;0
DateWebpage;13;The 8 Essentials For Overcoming Cancer;0;0;0;0;0;1;1;0;0
DateWebpage;37;How Does A Works Cited Page Look Like In MLA With Websites? - The Language Library;1;1;0;1;1;1;1;0;0
DateWebpage;39;What Are Some Websites To Get A Book Published?;1;1;0;1;0;0;1;1;0
DateWebpage;26;How to find out when a website was last updated;0;0;0;0;0;1;1;0;0
DateWebpage;18;Show the Date for Any Result in Google Search;0;0;0;0;0;0;1;0;0
DateWebpage;25;How to know when an Article was published. (For Citations);0;1;0;0;0;0;1;1;0
DateWebpage;7;How to find Publication Date of an online website Article ;1;1;0;0;0;0;1;1;0
DateWebpage;10;Display Date a Web Page Was Published in Search Results on Google Permanently;0;0;0;0;0;0;1;0;1
DateWebpage;12;How to count website Total web pages Tutorial - Digital Rakesh;0;0;0;0;0;0;1;0;0
DateWebpage;33;How to Determine the Last Updated Date of a Webpage;0;0;0;0;0;1;1;0;0
DateWebpage;27;Find the Date of a Web Page;0;0;0;0;0;0;1;1;1
DateWebpage;32;APA Format 7th Edition: Reference Page Tutorial (Websites, Journals, Magazines, Newspaper Articles-);1;1;1;0;0;0;1;1;0
DateWebpage;5;How to Find the Publication Date of a Website;0;0;0;0;0;1;1;0;0
DateWebpage;21;How Do I Find Out When a Webpage Was Created?;0;1;1;0;0;0;1;1;0
DateWebpage;34;AbeBooks Explains how to Identify a First Edition Book;1;1;0;0;0;0;1;1;0
DateWebpage;11;How To Browse An Old Version Of A Website | View Deleted Websites;0;0;0;0;0;0;1;1;0
DateWebpage;6;How To Find When A Website Was Published | Check Website Date Of Creation;0;0;0;0;0;0;1;0;0
DateWebpage;28;How Do I Cite A Website With No Date In APA? - The Language Library;1;1;0;1;1;1;1;1;0
DateWebpage;29;How To Check Website Or Page Creation Date;1;1;0;1;0;0;1;1;0
DateWebpage;3;How to to Find the Publication Date of a Website;0;0;0;0;0;0;1;0;0
DateWebpage;2;Finding the date a page was created or updated;0;0;0;0;0;0;1;0;0
DateWebpage;14;How To Find When A Website Was Published | Website Age check ;0;0;0;0;0;0;1;0;0
GraphsPowerPoint;16;How to Insert Excel in PPT? | How to Add Excel File in Powerpoint? | Excel Training | Simplilearn;0;0;0;0;0;0;1;0;0
GraphsPowerPoint;22;How to Link Excel & PowerPoint to Update Data Automatically;0;0;0;0;0;0;1;0;0
GraphsPowerPoint;1;Excel Chart Tip: Create a graph in PowerPoint using data from Excel;0;1;0;0;0;1;1;1;0
GraphsPowerPoint;30;Automatic Data Transfer Excel to PowerPoint;0;0;0;0;0;1;1;0;0
GraphsPowerPoint;38;How to insert and edit Excel data within PowerPoint - PowerPoint for Mac;0;0;0;0;0;0;1;1;0
GraphsPowerPoint;31;How to Insert Excel Charts into Microsoft Word ??;1;1;0;1;0;1;1;1;0
GraphsPowerPoint;24;How to EASILY Link Excel to PowerPoint | Excel to PPT;1;1;1;1;0;0;1;1;0
GraphsPowerPoint;9;How to Insert a Dynamic Pivot Chart in PowerPoint - Excel to PowerPoint Integration;0;1;1;0;0;0;1;1;0
GraphsPowerPoint;8;PowerPoint Excel Automation - Live Link Tables and Graphs;0;0;0;0;0;0;1;1;0
GraphsPowerPoint;17;Microsoft PowerPoint - Adding Data Labels to a Chart;0;0;0;0;0;0;1;0;0
GraphsPowerPoint;23;How to Copy a Graph from Excel to PowerPoint - how to copy charts from excel to powerpoint;0;0;0;0;0;0;1;1;0
GraphsPowerPoint;35;How To Make A Line Graph In Excel-EASY Tutorial;0;0;0;0;0;0;1;0;0
GraphsPowerPoint;4;Excel Chart Tip: Add an Excel graph to PowerPoint with linking ;0;1;0;0;0;1;1;1;0
GraphsPowerPoint;20;Inserting an Excel Chart into PowerPoint;0;0;0;0;0;0;1;0;0
GraphsPowerPoint;15;PowerPoint Quick Tip: Embed Excel Charts in a Slide;0;0;0;0;0;0;1;0;0
GraphsPowerPoint;19;How to convert Excel data into PowerPoint slides;0;0;0;0;0;0;1;1;0
GraphsPowerPoint;40;How to Insert EXCEL DATA into POWERPOINT Slides (Keep Formatting);0;0;0;0;0;0;1;0;0
GraphsPowerPoint;36;Fastest Way to Transfer Charts From Power BI to Power Point Presentation (PPT), Excel and Words.;1;1;0;0;0;1;1;0;0
GraphsPowerPoint;13;How to Properly Copy a Graph from EXCEL to POWERPOINT (Tutorial);0;0;0;0;0;0;1;0;0
GraphsPowerPoint;37;Copy and Paste a Chart from Excel to Word;0;0;0;0;0;0;1;0;0
GraphsPowerPoint;39;PowerPoint 2007: how to insert charts from word and excel;0;0;0;0;0;0;1;0;0
GraphsPowerPoint;26;How to copy a Excel chart into PowerPoint and Word so l it will update;0;0;0;0;0;0;1;0;0
GraphsPowerPoint;18;How to Create Automated Charts and Tables in PowerPoint from Excel;1;1;1;1;0;0;1;1;0
GraphsPowerPoint;25;How To Break Connection To Excel Once Excel Chart Is Moved Into PowerPoint;0;0;0;0;0;0;1;0;0
GraphsPowerPoint;7;Merging from Excel to PowerPoint;0;0;0;0;0;0;1;0;0
GraphsPowerPoint;10;How to Insert a High-Quality Graph from Excel into Word;0;0;0;0;0;0;1;0;0
GraphsPowerPoint;12;Excel Chart Tip: Add an Excel graph to PowerPoint without linking;0;1;0;0;0;1;1;1;0
GraphsPowerPoint;33;Linking Excel Graphs into Powerpoint;0;0;0;0;0;0;1;0;0
GraphsPowerPoint;27;How to update charts in PowerPoint from Excel automatically;0;0;0;0;0;0;1;0;0
GraphsPowerPoint;32;Excel: How to Embed Interactive Pivot Charts and Slicers in PowerPoint;0;0;0;0;0;1;1;0;1
GraphsPowerPoint;5;Excel Charts and Graphs Tutorial;0;1;1;0;0;0;1;1;0
GraphsPowerPoint;21;How To Insert and Animate Excel Charts in Powerpoint [2025 Full Guide];0;1;1;0;0;1;1;0;0
GraphsPowerPoint;34;Linking an Excel File in Microsoft PowerPoint;0;0;0;0;0;1;1;0;0
GraphsPowerPoint;11;Copilot’s New Analyst Agent is Absolutely INSANE;1;1;0;0;1;0;1;1;0
GraphsPowerPoint;6;Excel to PowerPoint - What's the best way to do it? (Embedding, Linking or Other);1;1;0;1;0;0;1;0;0
GraphsPowerPoint;28;Link an Excel Chart to PowerPoint;0;0;0;0;0;0;1;0;0
GraphsPowerPoint;29;Streamlining Presentations: How to Insert Excel Tables into PowerPoint! #simpleslides #tutorials;0;0;0;0;0;0;1;0;0
GraphsPowerPoint;3;Copy Excel chart, import into PowerPoint;0;0;0;0;0;0;1;1;1
GraphsPowerPoint;2;How to Link Excel to PowerPoint | Excel to PPT;1;1;1;1;0;0;1;1;0
GraphsPowerPoint;14;Embed Excel Dashboards in PowerPoint - It's so bad!;1;1;0;0;0;1;1;1;0
InstallLatex;16;The installation directory is not empty miktex | Unable to install MiKTeX after uninstalling;0;0;0;0;0;0;1;0;0
InstallLatex;22;How to install Latex on your computer?;0;0;0;0;0;0;1;0;0
InstallLatex;1;LaTex Installation [2023] | Texstudio & MikTex Installation | Latex Installation Complete Guide;0;0;0;0;0;0;1;1;0
InstallLatex;30;How To Install LaTEX MiKTEX On Windows | Install LaTex MiKTEX On Visual Studio Code | #iMiMofficial;1;0;0;0;0;0;1;1;0
InstallLatex;38;how to install MikTeX and TexStudio for Latex;0;0;0;0;0;0;1;0;0
InstallLatex;31;No Internet? No Problem! Install LaTeX Offline (WinEdt, MiKTeX, JabRef);0;0;0;0;0;0;1;0;0
InstallLatex;24;How to Install LaTeX On Windows 11| TeXstudio & MikTex Installation | Download LaTeX on Windows;0;0;0;0;0;0;1;1;0
InstallLatex;9;How to Manually Install Latex Packages with MikTex on Windows 10;0;0;0;0;0;0;1;0;0
InstallLatex;8;Installing ProTeXt/MikTeX (Windows-based) LaTeX Distribution ;0;0;0;0;0;0;1;0;0
InstallLatex;17;How to install TeXstudio( LaTeX Editor) and MikeTeX( LaTeX) on windows 10;0;0;0;0;0;0;1;0;0
InstallLatex;23;How to Install LaTeX on Windows: MiKTeX and TeXstudio;0;0;0;0;0;0;1;1;0
InstallLatex;35;Unix & Linux: How to install a Latex distribution on Ubuntu 17.04? ;0;0;0;0;0;1;1;0;0
InstallLatex;4;Installing LaTeX Packages for MikTeX on Windows;0;0;0;0;0;0;1;1;0
InstallLatex;20;LaTeX Tutorial Part I: Installation And Basic Document Structure ;1;1;0;0;0;0;1;1;0
InstallLatex;15;LATEX 01 Installation and Preview;0;0;0;0;0;0;1;0;0
InstallLatex;19;how to install tex maker;1;0;0;0;0;0;0;0;1
InstallLatex;40;Easy LaTeX Documents in VSCode;0;0;0;0;0;0;1;0;0
InstallLatex;36;How to Install, Use and Extend LaTeX;0;0;0;0;0;0;1;1;0
InstallLatex;13;How to Get Started with Latex on Windows 10 Texmaker MiKTeX ;0;0;0;0;0;0;1;0;1
InstallLatex;37;Texmaker Tutorial: How to Install and Get Started on Windows ;0;0;0;0;0;0;1;0;0
InstallLatex;39;How to install latex in linux | ubuntu | pop os? How to install texlive in Linux?;0;0;0;0;0;1;1;0;0
InstallLatex;26;How to Install TeX Live and TeXstudio in Windows (LaTeX Advanced Tutorial-01);1;1;0;0;0;0;1;1;0
InstallLatex;18;Installing LaTeX and TeXstudio on Ubuntu: A Step-by-Step Guide;0;0;0;0;0;1;1;1;1
InstallLatex;25;How to Manually Install Missing Packages in Latex [SOLVED] | Latex Missing Package Miktex Win 7,8,10;0;0;0;0;0;0;1;1;0
InstallLatex;7;Install LaTeX 2024 | MikTEX & TEXmaker step by step Installation;0;0;0;0;0;0;1;1;0
InstallLatex;10;How to Install LaTex | Miktex & TexStudio on Windows 10;0;0;0;0;0;0;1;0;1
InstallLatex;12;LaTex Installation [2025] | Texstudio & MikTex Installation | Latex Installation Complete Guide;0;0;0;0;0;0;1;1;0
InstallLatex;33;LaTeX Windows/Linux installation;0;0;0;0;0;0;1;1;1
InstallLatex;27;How to update TexStudio installtion and MiKTex packages;0;0;0;0;0;0;1;0;0
InstallLatex;32;Getting Started with LaTeX;0;0;0;0;0;1;1;0;0
InstallLatex;5;How to download and install a LaTeX distribution;0;0;0;0;0;0;1;0;0
InstallLatex;21;FASTEST Way to Install Latex in Windows 11 Revealed;0;0;0;0;0;0;1;0;0
InstallLatex;34;How to Install and Configure Latex on Windows Operating System | How to set up Texniccenter;0;0;0;0;0;0;1;0;0
InstallLatex;11;How to install package manually in MiKTeX 20.6 and above;0;0;0;0;0;1;1;1;0
InstallLatex;6;How to Install LaTex | Miktex and Texmaker on Windows 10 | Windows 8 | Windows 7;0;0;0;0;0;0;1;1;0
InstallLatex;28;Latex and TexStudio installation on Ubuntu 18 - easy method ;0;0;0;0;0;0;1;1;0
InstallLatex;29;A Complete Installation of Latest LaTeX System on Windows 10 | 2021 | (Latex Basic Tutorial-37);1;1;0;0;0;0;1;1;0
InstallLatex;3;How to Install LaTeX 2024 | MikTEX & TEXstudio Installation;0;0;0;0;0;0;1;1;0
InstallLatex;2;Install Latex Distribution and Editor - Latex Tutorial #02;0;0;0;0;0;0;1;0;1
InstallLatex;14;Installing Missing Packages in MikTeX distribution on Windows (LaTeX Advanced Tutorial-02);0;1;0;0;0;0;1;0;0
ResidualsNorm;16;Module 5 Test for Normality of Residuals;0;0;0;0;0;0;1;0;1
ResidualsNorm;22;How to remedy the violation of normal residual distribution assumption?;0;0;0;0;0;0;1;1;0
ResidualsNorm;1;Testing the Normality of Residuals in a Regression using SPSS;0;0;0;0;0;0;1;0;0
ResidualsNorm;30;Residual Plots for Checking Assumptions in Excel 2016;0;0;0;0;0;0;1;0;1
ResidualsNorm;38;Normal Distribution: Testing Regression Errors for Normality (1/4);0;0;0;0;0;0;1;1;0
ResidualsNorm;31;How to test Normality in the Two-way ANOVA in SPSS ;0;1;0;0;0;0;1;1;0
ResidualsNorm;24;Normality of Residuals in Regression || JAMOVI Tutorials || Dr. Atman Shah;1;1;0;0;0;1;1;1;0
ResidualsNorm;9;Check #normality of #residuals in #spss;0;1;0;0;0;0;1;1;0
ResidualsNorm;8;Normality Testing for Residuals in ANOVA using SPSS ;0;0;0;0;0;0;1;0;0
ResidualsNorm;17;One-way ANOVA in SPSS - checking normality assumption ;0;1;0;0;0;1;1;1;0
ResidualsNorm;23;Normal Distribution of Residuals | Regression diagnostics in STATA (3);0;0;0;0;0;0;1;0;0
ResidualsNorm;35;How To Check ARIMA Model Residuals? - The Friendly Statistician;1;1;0;0;1;1;1;0;0
ResidualsNorm;4;12. Normality of residuals;0;0;0;0;0;0;1;0;0
ResidualsNorm;20;Normality Testing for Dependent Variable Compared to Normality Testing for Residuals in SPSS ;0;0;0;0;0;0;1;0;0
ResidualsNorm;15;VIB Training and Conferences: Checking Normality of Residuals ;0;0;0;0;0;0;1;0;0
ResidualsNorm;19;Testing for Normality in Regression Models;0;0;0;0;0;0;1;0;1
ResidualsNorm;40;Testing Normality assumption in Linear regression in STATA;1;1;0;0;0;0;1;1;0
ResidualsNorm;36;Step 10: Normality of Residuals | Learn Regression in Under One Hour;0;0;0;0;0;1;1;0;0
ResidualsNorm;13;The Skewness-Kurtosis (Jarque-Bera) Test in Stata;0;0;0;0;0;0;1;0;0
ResidualsNorm;37;Testing Normality of Regression Residuals with Excel Workbook;0;1;1;0;0;1;1;0;0
ResidualsNorm;39;Analysing residuals (SPSS);0;0;0;0;0;0;1;0;0
ResidualsNorm;26;how to check normality test / jorque bera test in eviews;0;0;0;0;0;0;1;0;0
ResidualsNorm;18;How Do You Check For Normality Of Residuals? - Learn About Economics;1;1;0;1;0;1;1;1;0
ResidualsNorm;25;Normality Test Jarque-Bera Using Eviews(eviews)(normality)(histogram);0;1;0;0;0;1;1;1;0
ResidualsNorm;7;SPSS Tutorial: Testing Assumptions of Normality of Residuals and Homoscedasticity;0;0;0;0;0;0;1;0;0
ResidualsNorm;10;ANOVA: Two Factor with replication, Residuals Analysis, and Tukey Test;0;0;0;0;0;0;1;0;0
ResidualsNorm;12;Lesson 12 Normality of Residuals? What's a Residual?;0;1;0;0;0;0;1;1;0
ResidualsNorm;33;How Do You Check For Non-normal Residuals? - The Friendly Statistician;1;1;0;1;1;1;1;0;0
ResidualsNorm;27;Section 10.2 (5) Conditions for a Multiple Regression - Normality of Residuals (Histograms);1;1;0;1;0;0;1;0;0
ResidualsNorm;32;Assumptions in Linear Regression - explained | residual analysis ;0;0;0;0;0;0;1;0;0
ResidualsNorm;5;Assessing Normality of the Residuals using a Histogram;0;0;0;0;0;0;1;0;0
ResidualsNorm;21;R: Checking the normality (of residuals) assumption;0;0;0;0;0;0;1;0;0
ResidualsNorm;34;Lec 9D: MLR, Model validation.Residual plotting for normality check, variance homogeneity and non-li;1;1;0;0;0;0;1;1;0
ResidualsNorm;11;How to Construct a Normal QQ Plot in R. [HD];0;0;0;0;0;0;1;0;0
ResidualsNorm;6;What Is Normality Of Residuals In Regression? - The Friendly Statistician;1;1;0;1;1;1;1;1;0
ResidualsNorm;28;Checking assumptions for regression models in SPSS;0;0;0;0;0;0;1;0;0
ResidualsNorm;29;Common Analyses 27 Regression Diagnostics Normality of Residuals;0;0;0;0;0;0;1;0;0
ResidualsNorm;3;Simple Linear Regression: Checking Assumptions with Residual Plots;0;0;0;0;0;0;1;0;0
ResidualsNorm;2;How to Check normality assumption in simple linear regression in SPSS;0;1;0;0;0;0;1;1;0
ResidualsNorm;14;Normality test [Simply Explained];1;1;0;0;0;0;1;1;0
300dpi;16;Export 300 dpi image for Elsevier Publication;0;0;0;0;0;0;1;0;0
300dpi;22;How to change DPI export on inkscape | Inkscape Tutorial | How to Export an Image at 300 DPI;0;0;0;0;0;0;1;0;0
300dpi;1;How To Export High-Resolution Images (300 DPI!) In PowerPoint ;0;0;0;0;0;0;1;1;0
300dpi;30;how to convert image to 600 dpi |Research paper| for free!;0;0;0;0;0;0;1;0;0
300dpi;38;Powerpoint to TIFF - High Resolution (300 DPI);0;0;0;0;0;1;1;0;0
300dpi;31;Convert Excel Charts/Graphs to High Resolution Images (300 DPI) | Drawing/Graphing-08;1;1;0;0;0;0;1;1;0
300dpi;24;How to Increase Figure Resolution for Publication using GIMP;0;0;0;0;0;0;1;0;1
300dpi;9;Understanding Photo Resolution, DPI, PPI, High-Resolution and More!;0;0;0;0;0;0;1;1;0
300dpi;8;How To Change DPI Resolution in Inkscape | 300 DPI;0;0;0;0;0;0;1;0;0
300dpi;17;How to get 300 dpi resolution Images using Canva tool | Tshirt Design;0;0;0;0;0;0;1;1;0
300dpi;23;How to Save High Resolution(300/600 dpi)/Quality image/figure in MATLAB.;0;0;0;0;0;1;1;0;0
300dpi;35;Resolution When Saving & Exporting for Print & Screens in Adobe Illustrator;0;1;0;0;0;0;1;1;0
300dpi;4;Export Image as .TIFF with 300dpi from PowerPoint using macOS - Step by Step Tutorial;0;0;0;0;0;0;1;0;0
300dpi;20;Convert an Image to 300 DPI in Canva: Secret technique!;0;0;0;0;0;0;1;0;0
300dpi;15;Setting Export Resolution Inkscape 1.2;0;0;0;0;0;0;1;1;0
300dpi;19;How do I change from 72 dpi to 300 dpi in Photoshop;1;1;0;0;0;0;0;1;0
300dpi;40;How to change the default resolution in PowerPoint;1;1;0;1;0;0;1;1;0
300dpi;36;Why Canva DPI is BROKEN…;0;1;1;0;0;0;1;1;0
300dpi;13;How to Export High Quality Images from PowerPoint (High DPI) ;1;1;0;1;0;0;1;0;0
300dpi;37;DPI Explained...What is the Right Resolution for Print on Demand? 72 DPI, 150 DPI or 300 DPI?;1;1;1;1;0;0;1;1;0
300dpi;39;How to Change Image DPI in Origin;1;1;1;1;0;0;1;1;0
300dpi;26;How To Export High Resolution Images (300 Dpi!) in Powerpoint [2025 Full Guide];0;1;1;0;0;0;1;1;0
300dpi;18;Export 300 DPI image for publication | Microsoft PowerPoint;0;0;0;0;0;1;1;0;0
300dpi;25;How to Change Image to 300 DPI for Printing for free in GIMP ;0;0;0;0;0;0;1;0;0
300dpi;7;How to Export High Resolution Images (300 DPI) from PowerPoint | Drawing/Graphing-07;1;1;0;0;0;0;1;1;0
300dpi;10;Save Image to 300 Dpi in Photoshop Easy Steps, Works!;0;0;0;0;0;0;1;1;0
300dpi;12;How to Make a Canva Graphic 300 DPI;0;1;1;0;0;0;1;1;0
300dpi;33;How to increase resolution of figures and images for publication in journals I 2020 I;0;0;0;0;0;1;1;0;0
300dpi;27;Save Images With 300 dpi in Photoshop | Photoshop Tutorial;0;0;0;0;0;1;1;0;0
300dpi;32;Saving to 300 dpi in Photoshop;0;0;0;0;0;1;1;0;0
300dpi;5;How to export a graph with 300 or 600 dpi in origin;0;0;0;0;0;0;1;1;0
300dpi;21;How to Change DPI in Photoshop (Upscale Images);1;1;0;0;0;0;1;1;0
300dpi;34;How to Increase a Design to 300 DPI in Microsoft Publisher - Suitable for Printing (Book Cover);0;1;1;0;0;0;1;1;0
300dpi;11;How to Create 300 DPI Images using Canva;0;0;0;0;1;0;1;0;0
300dpi;6;How To Download Export A 300 Dpi High Resolution Image From Figma (Easiest Way) (2025 Guide);0;1;1;0;1;0;1;1;0
300dpi;28;How to Change DPI Without Altering Image Size During Export in Inkscape • Practical Solutions & Tips;0;0;0;0;0;0;1;0;0
300dpi;29;Is your photo good enough for printing? Resolution | Pixel Density | PPI & DPI;0;1;1;0;0;1;1;1;0
300dpi;3;How to Export High Resolution Images and Graphs from R Studio;1;1;0;0;0;0;1;1;0
300dpi;2;How To Convert an Image To 300 DPI - BEST method!;0;0;0;0;0;0;1;0;0
300dpi;14;DPI Explained in 5 Minutes;0;1;1;0;0;0;1;1;0
RemoveJPG;16;How to remove EXIF Data from Image in One Click;0;0;0;0;0;0;1;0;0
RemoveJPG;22;Removing Metadata From Images in Windows;0;0;0;0;0;0;1;0;0
RemoveJPG;1;Photoshop Tutorial: Removing private metadata from images;1;1;0;0;0;0;1;0;0
RemoveJPG;30;How to Remove Metadata Information from Multiple Files at the Same Time;0;0;0;0;0;0;1;0;0
RemoveJPG;38;How To Remove EXIF Data From Photos? - Learn About Libertarianism;1;1;0;1;0;1;1;0;0
RemoveJPG;31;Remove Metadata From Images With Exiftool | Remove Location Data From Photos | Remove GPS Tag;1;0;0;0;0;1;1;0;0
RemoveJPG;24;Mac: How to Remove Meta Data from JPEG files;0;0;0;0;0;0;0;1;0
RemoveJPG;9;How To Remove Metadata From Photos The Easy Way;0;0;0;0;0;0;0;0;0
RemoveJPG;8;How To View And Remove Video Metadata (Step By Step);0;0;0;0;0;0;1;0;0
RemoveJPG;17;How To Instantly Remove Metadata From Your Photo And Audio Files;0;0;0;0;0;0;1;0;0
RemoveJPG;23;How To Remove Metadata From Photos or JPEG files !!!!!!!!!!! ;0;0;0;0;0;0;1;0;0
RemoveJPG;35;HOW TO REVIEW AND REMOVE METADATA FROM YOUR PHOTOS? Exif Remover | Data Protection | Privacy;0;0;0;0;0;0;1;1;0
RemoveJPG;4;Remove Personal Meta-Data From Images on Windows 10 [Remove EXIF Data];0;0;0;0;0;0;1;0;0
RemoveJPG;20;How to Remove Exif Data from a Photo, 2023;0;0;0;0;0;0;1;0;0
RemoveJPG;15;How do I remove metadata from an image?;0;0;0;0;1;1;1;0;0
RemoveJPG;19;Edit and Remove MetaData from Image Properties;1;1;0;0;0;0;1;0;0
RemoveJPG;40;How To Remove Metadata From Photos;0;0;0;0;0;0;1;0;0
RemoveJPG;36;How to Copy Metadata From One JPEG Image File to Another;0;0;0;0;0;1;1;0;0
RemoveJPG;13;How to Remove Metadata From Video (2025) - Full Guide;0;0;0;0;0;1;1;0;0
RemoveJPG;37;Remove EXIF data from your photos;1;1;0;1;1;0;1;0;0
RemoveJPG;39;Extracting Metadata from Photos Using EXIFTool;0;0;0;0;0;0;1;0;0
RemoveJPG;26;Changing JPEG Orientation Metadata using ExifTool;1;0;0;0;0;1;1;1;0
RemoveJPG;18;How to Completely Remove Metadata from an Image Without Altering Its Quality;0;0;0;0;0;1;1;0;0
RemoveJPG;25;STOP Exposing your Location! How to Remove Metadata from Photos | Kali Linux;1;1;0;0;0;0;1;1;0
RemoveJPG;7;How To Use Remove Metadata From JPG and PNG Software ;0;0;0;0;0;0;1;0;0
RemoveJPG;10;How To Clear Photo Metadata (Exif Data) in Windows;0;0;0;0;0;0;1;0;0
RemoveJPG;12;How To Remove Exif Metadata From An Image - Free Tutorial 2025 ;0;0;0;0;0;1;1;0;1
RemoveJPG;33;How to Edit EXIF Metadata of JPEG Image Files Online;0;0;0;0;0;1;1;0;0
RemoveJPG;27;Remove Image/JPG/Picture/JPEG/Photo Metadata on Windows 8 Beta;0;0;0;0;0;0;1;0;0
RemoveJPG;32;Remove private data from a photo using exiftool;0;0;0;0;0;1;1;0;0
RemoveJPG;5;How to Remove Json Files from Google Photo Takeout on a PC ;0;0;0;0;0;0;1;0;0
RemoveJPG;21;?? How To Remove Metadata From Photos | Metadata Removal Tutorial (2025);0;1;1;0;0;0;1;1;0
RemoveJPG;34;How To Remove Metadata From Image Files In Batch | Delete IPTC Data From Images Easily;0;0;0;0;0;1;1;0;0
RemoveJPG;11;How to Change Metadata with ExifTool: Quick, Easy Batch Edits! ;1;0;0;0;0;0;1;1;0
RemoveJPG;6;How To : Remove metadata from your photos;0;0;0;0;0;0;1;0;0
RemoveJPG;28;How To REMOVE Metadata From Images;0;0;0;0;0;0;1;1;0
RemoveJPG;29;Remove Exif Tags, Geotags, IPTC, and XMP from JPEG Photos ;0;0;0;0;0;0;1;0;1
RemoveJPG;3;Remove EXIF Data From Our Photos - 10 Minute Photoshop Tip ;1;1;0;1;0;0;0;0;0
RemoveJPG;2;Exiftool - Protect Your Privacy | Remove Metadata From Photos ;0;0;0;0;0;0;1;1;0
RemoveJPG;14;How To Remove Metadata From Photos (Step By Step);0;0;0;0;0;1;1;0;0
